Vehicle ID,Vehicle Type,Purchase Date,Mileage (km),Fuel Type,Last Maintenance Date,Maintenance Type,Maintenance Cost ($),Downtime (hours),Daily Usage Distance (km),Average Load (tons),Number of Trips Per Day,Route Type,Breakdown Date
9b56f11d-0fb6-42c4-a135-244500702bcc,Truck,2014-10-04,182767,Electric,2018-04-19,Battery Replacement,1462.84,11,395.83,27.34,9,Highway,2023-08-06
953fbd1a-c04a-4edb-bcce-a3f7b7ece418,Bus,2005-11-29,82888,Diesel,2018-01-19,Tire Replacement,1774.64,20,117.63,26.54,1,Mixed,2021-07-04
c4a5297d-e105-41da-b123-80a7b8295bf4,Truck,2008-07-05,202594,Petrol,2010-09-17,Battery Replacement,1308.74,44,443.49,11.89,3,Highway,
5a1aab2e-1dc5-4a7b-9054-3ec8ebc89a32,Bus,2012-05-12,437756,Petrol,2017-08-16,Brake Replacement,535.46,26,272.22,12.39,2,Highway,2019-02-04
daee8656-1b03-4c42-b973-c4fc3ce2340d,Van,2015-08-16,75071,Petrol,2020-06-08,Tire Replacement,1817.93,48,82.1,11.41,9,Mixed,2021-12-20
c8d1979c-0036-43c3-b92a-b7323df9a8f7,Bus,2020-06-16,120343,Petrol,2021-12-05,Battery Replacement,1330.31,10,470.74,8.31,8,Urban,2022-12-11
3add4030-9bb3-4321-ba3d-b16d6318322d,Van,2017-01-29,294594,Petrol,2021-06-14,Engine Repair,1103.52,17,499.02,26.87,7,Urban,2023-09-12
0308dfa6-1d4b-4ba1-b5b4-be6b1a56f299,Bus,2005-07-07,494165,Diesel,2007-10-05,Oil Change,1232.95,25,368.79,27.4,6,Highway,
09bd4eca-f93c-4c31-96ee-389e511a3654,Truck,2015-02-24,178220,Diesel,2021-09-24,Brake Replacement,1178.35,5,219.07,26.85,6,Urban,2022-06-26
f3d715b4-cd8a-4542-835f-98a8c207406f,Truck,2006-05-26,353613,Petrol,2023-07-11,Brake Replacement,1267.13,31,202.74,8.2,6,Urban,2023-12-17
bfd81820-335c-427c-9544-bbe9d8a1975b,Truck,2010-01-11,349665,Diesel,2016-03-24,Brake Replacement,1971.96,22,433.5,17.05,6,Urban,2022-05-02
316de676-b427-46f2-8034-be5b71958daf,Truck,2008-04-23,382919,Electric,2015-12-19,Brake Replacement,1606.8,2,361.09,28.8,3,Mixed,
ecddce5c-564e-4ac5-8869-e546d35d465f,Bus,2013-08-03,75780,Diesel,2023-06-09,Brake Replacement,1122.16,47,445.77,5.89,5,Highway,
018dc8c3-c310-4e29-9333-143f4cc19060,Truck,2007-07-03,56801,Electric,2018-12-17,Tire Replacement,919.82,27,112.82,6.54,10,Urban,
89c73e31-ae35-4513-958b-a0dd3aa30c43,Van,2010-11-23,117659,Diesel,2012-10-25,Tire Replacement,1861.61,41,404.34,5.05,10,Highway,2017-11-24
6b08b2b3-696a-49fa-9c7e-aa15963e9a0e,Van,2011-09-04,355055,Electric,2011-11-09,Oil Change,753.61,32,400.0,3.89,10,Highway,2020-09-15
24d3a5be-2da7-4e4e-afae-3a5daf21cd03,Van,2020-02-01,363059,Diesel,2023-05-09,Battery Replacement,1297.96,16,70.56,11.6,10,Highway,2023-05-15
0d30d3b5-a012-496d-9756-f8d1d4408b47,Bus,2008-05-15,461992,Petrol,2018-06-23,Brake Replacement,161.74,34,340.27,27.13,4,Mixed,2022-09-11
95773ae2-9769-4e24-9f75-5239b8e27d74,Truck,2010-07-20,489360,Electric,2020-11-18,Battery Replacement,482.54,31,126.38,20.72,10,Highway,2022-08-24
aca5f91f-19a9-4dbc-a0c9-8cb47e9800c7,Van,2020-06-02,455534,Electric,2022-04-05,Brake Replacement,1012.55,1,362.93,29.13,9,Highway,2022-09-24
808e34f3-e61d-43ed-bbe7-45ab310bf1fd,Truck,2016-08-02,266500,Diesel,2021-11-03,Battery Replacement,1847.8,34,153.28,17.14,7,Urban,
3be5eeee-24a2-4b5f-ba94-219609a8b2a7,Truck,2007-09-30,22179,Petrol,2018-01-11,Tire Replacement,1509.46,22,134.29,22.55,7,Mixed,2020-09-27
20f5e4a9-2a49-48ed-9aec-467732c0d955,Bus,2016-01-05,195360,Electric,2020-07-18,Brake Replacement,614.3,47,445.83,29.25,6,Mixed,2023-01-22
b39d4008-3847-4ba1-92f5-285ef49f8357,Bus,2018-09-14,331713,Diesel,2023-08-04,Tire Replacement,1734.85,29,308.65,19.27,4,Mixed,2023-08-18
294e0408-4e0f-4166-8e8c-214e49707f88,Van,2007-11-11,209851,Electric,2014-10-19,Oil Change,792.75,43,311.53,13.89,8,Mixed,2016-11-29
edd0841f-26bf-4afc-ac3b-e7cfe5791468,Van,2009-10-03,488055,Diesel,2023-06-26,Tire Replacement,694.23,11,183.31,23.7,9,Mixed,
ded3d997-46b2-4a2d-abe1-ed35ae657090,Truck,2013-11-10,98663,Petrol,2020-12-11,Brake Replacement,1856.89,3,449.56,9.91,6,Mixed,2021-08-02
f6809948-ef3b-4ea4-a0bd-3abd4888336e,Truck,2012-08-31,7242,Petrol,2022-08-13,Tire Replacement,1775.67,1,166.81,12.34,9,Urban,2022-11-06
fb73d3ad-e8f5-4bbd-868e-e227c07f5fef,Bus,2017-04-09,78652,Electric,2023-07-21,Engine Repair,67.27,38,154.98,28.71,9,Mixed,
7b2b802a-0ca2-4746-9131-fa09ee0f8aa0,Van,2006-12-08,259723,Electric,2023-10-09,Engine Repair,1200.05,41,495.74,28.84,9,Urban,
2dd5568c-748f-40c5-bbc7-4b69507930b3,Truck,2016-02-09,305927,Diesel,2021-12-10,Brake Replacement,258.69,8,111.64,17.73,10,Highway,2023-07-14
18bb960a-fc1c-46dd-91c0-faf46cd03fb8,Bus,2011-02-21,247613,Petrol,2018-03-07,Brake Replacement,1716.98,30,319.79,23.77,10,Mixed,
07ef182e-e2ba-4912-b8dc-e4c0f802a227,Truck,2015-12-14,168777,Diesel,2021-06-07,Engine Repair,719.48,1,205.08,3.71,6,Urban,2023-05-24
97c34b91-37e5-460d-b72b-d7ec2bd4cf27,Truck,2011-11-09,430114,Petrol,2019-05-24,Brake Replacement,370.23,44,377.04,15.7,4,Mixed,
53fd35fd-3add-45e7-a0cd-c0ead50bdbee,Van,2006-01-15,365590,Electric,2014-02-07,Tire Replacement,99.51,37,80.63,3.89,2,Urban,2016-08-27
d2451da9-928b-4fcd-a8ad-ec4f85304e70,Truck,2010-10-04,53454,Diesel,2021-01-01,Tire Replacement,1889.4,13,244.19,19.3,2,Urban,
f7cbcb4c-4467-4b04-a844-644fbff890d9,Bus,2008-12-12,324298,Diesel,2021-04-21,Tire Replacement,1680.94,19,200.07,23.28,8,Mixed,2022-02-09
5ebb9e5a-adc3-4a9d-bd92-3edc7a470163,Truck,2005-10-23,445788,Electric,2017-06-12,Engine Repair,288.08,26,488.0,28.36,10,Urban,2020-10-04
c98a394e-3e85-4fcf-a14a-6366b932ceab,Van,2017-07-16,230958,Diesel,2023-05-07,Tire Replacement,612.25,7,114.12,2.94,6,Urban,
bba52f64-5edf-4f9f-afee-a7162567ee7c,Truck,2018-11-09,193364,Petrol,2022-03-27,Brake Replacement,653.25,15,487.81,14.69,9,Highway,2022-05-11
06f333f0-02ef-4c4a-b90b-79972962dae5,Bus,2008-03-24,281542,Electric,2018-11-04,Engine Repair,446.45,8,427.09,4.97,7,Mixed,2022-06-19
a2ea00cd-8645-4098-83cd-7ceef85caa60,Bus,2017-04-23,409692,Diesel,2022-08-27,Tire Replacement,1364.3,14,262.31,13.81,9,Urban,2023-02-06
38d68144-5c18-4fef-856f-8522860ff8fa,Van,2018-04-14,337710,Electric,2020-11-26,Brake Replacement,684.68,6,379.56,13.0,7,Mixed,2020-12-30
76fb5ffb-15a1-4117-8e49-11bc59c8811d,Bus,2007-08-07,68950,Petrol,2010-07-31,Battery Replacement,545.62,33,68.49,7.22,4,Highway,2013-11-14
5c162522-e373-4073-b723-a7297b455540,Bus,2020-02-02,264630,Diesel,2020-06-20,Engine Repair,163.63,10,496.39,11.08,10,Urban,2022-06-23
d4563f7d-8833-48b5-9753-d58becdc278a,Bus,2019-02-24,201451,Diesel,2021-03-17,Tire Replacement,476.73,38,88.28,23.63,3,Mixed,
aff55e9e-5d95-4d10-9bee-2c50f5c42bd8,Truck,2020-10-25,388396,Diesel,2023-05-28,Brake Replacement,1422.73,6,444.07,4.02,4,Mixed,
fd768087-acc9-493d-95ce-0cf7a0096a03,Van,2006-07-18,121550,Diesel,2009-12-09,Tire Replacement,735.11,35,180.13,27.99,10,Highway,2015-02-06
19ef13ad-5624-4c7f-8ab6-6b727ee4d496,Van,2015-06-17,89659,Diesel,2018-04-16,Brake Replacement,1918.19,18,172.08,23.41,7,Highway,2022-03-01
ce93e74d-1452-4cae-9f89-292678aa79d3,Van,2006-03-13,433472,Petrol,2011-06-23,Battery Replacement,793.85,20,320.81,2.66,5,Urban,2016-09-17
0f63ae3d-bb70-4a8c-996d-9b64e76d1122,Truck,2017-06-01,125172,Petrol,2023-01-27,Oil Change,1800.53,5,306.58,22.2,6,Highway,2023-10-08
341c7b1a-0865-45de-a15c-56791c7297df,Bus,2005-06-06,294358,Petrol,2009-03-14,Brake Replacement,712.78,17,370.32,4.04,3,Highway,2014-02-24
d1b8b50e-adec-4ac8-becb-134ef364f9f0,Van,2016-06-05,174733,Petrol,2016-07-27,Battery Replacement,978.06,10,176.03,29.63,7,Urban,2017-07-16
d50ba58b-4532-4dd5-9e5f-179184856df0,Bus,2008-01-01,261377,Petrol,2011-01-09,Oil Change,1055.63,44,378.61,13.57,6,Mixed,2023-01-18
acbfcadb-52fb-4839-a562-24fe06c8a7f0,Bus,2015-07-03,318186,Petrol,2018-11-11,Brake Replacement,1496.06,18,131.16,29.8,8,Mixed,2021-08-25
5e043fc3-a32d-4c7d-b10e-e88822281b19,Van,2007-10-29,329598,Petrol,2015-06-19,Engine Repair,1102.02,21,331.15,26.95,8,Highway,2016-10-28
e07045e3-3f0f-4dec-ab3b-43941597b395,Bus,2005-09-15,269627,Petrol,2010-07-04,Oil Change,139.82,48,165.83,7.9,9,Urban,2018-04-25
91747193-d703-4504-b816-960ed41b2f0c,Van,2011-08-10,410898,Petrol,2017-07-30,Engine Repair,1271.67,34,91.4,7.71,2,Highway,2021-02-15
9ead8ebf-1f65-4a31-9e42-64c92135a8d8,Bus,2008-04-28,197913,Petrol,2012-06-27,Brake Replacement,319.1,22,261.49,16.56,7,Highway,
4ed9f782-646c-4a75-98b9-1b8335631d96,Van,2012-04-21,338321,Petrol,2021-11-21,Oil Change,774.8,45,271.65,19.01,10,Highway,
745ec466-d33a-4946-8650-35a6c9fd7891,Bus,2009-10-07,419330,Diesel,2022-12-30,Battery Replacement,360.02,35,313.3,14.26,6,Highway,2023-07-24
7f2d47db-64c5-4f8c-9b05-e9e79e2e78df,Van,2008-08-13,76975,Petrol,2021-07-14,Oil Change,370.61,39,303.78,25.32,4,Mixed,2023-07-27
3a5da917-eae2-4dd7-9f41-e9ff87849c9c,Van,2020-10-11,429950,Diesel,2021-01-16,Brake Replacement,1220.91,13,88.14,15.1,8,Highway,
8b8ecca5-17ff-4639-948d-2aa40118e122,Truck,2018-08-24,421656,Diesel,2022-10-15,Tire Replacement,1799.56,2,445.22,12.81,7,Urban,2023-11-02
0907e2ce-de4b-4510-a4f7-ebbfc666ae45,Bus,2019-09-26,297978,Diesel,2023-06-22,Battery Replacement,820.09,11,408.56,27.21,5,Highway,2023-09-02
8572b480-be12-4918-b89b-4d08bb4feec3,Van,2018-02-13,325693,Electric,2023-02-16,Oil Change,1114.99,3,377.25,8.92,6,Mixed,2023-07-18
1630b5c9-2ea5-4724-a285-f42a180711c7,Bus,2011-12-14,127541,Petrol,2021-01-23,Battery Replacement,1402.02,46,369.66,2.21,6,Urban,2021-09-27
0959f176-7e1d-466f-8ff8-6002ac5d46a8,Truck,2007-07-29,336105,Electric,2015-10-25,Brake Replacement,650.93,14,414.41,5.55,8,Urban,2021-05-11
feede64a-70b1-4c00-a78c-596d9b9d8146,Bus,2020-09-03,75869,Electric,2023-09-16,Tire Replacement,415.1,37,436.3,17.27,5,Urban,
7e6616c9-2714-495d-aacf-1355cb176d23,Truck,2018-04-15,366241,Diesel,2022-09-05,Oil Change,756.38,25,489.44,8.0,6,Mixed,2022-10-06
8806189e-e80d-4049-bd07-6764fea93fe4,Truck,2009-09-06,304444,Diesel,2022-01-09,Tire Replacement,430.21,22,399.56,9.79,1,Mixed,
afcc2188-92af-4db8-a391-bbd3b22d34ef,Van,2005-04-10,372722,Electric,2022-03-24,Battery Replacement,371.57,39,303.64,25.6,3,Mixed,
5dc3c86b-d026-4d48-88cf-7363eabd502c,Van,2013-11-06,205099,Diesel,2015-10-20,Brake Replacement,1570.46,24,371.35,4.84,5,Highway,2018-01-07
24ae7e32-2b79-47e3-90db-ce3ab3a78fc1,Van,2020-07-04,74957,Diesel,2020-11-03,Oil Change,1524.79,5,460.4,1.63,6,Highway,2021-11-04
34f3f32e-e8a9-48bb-9e97-14ad18d12f7a,Truck,2017-11-20,79113,Petrol,2020-07-01,Engine Repair,834.42,27,327.51,28.93,6,Urban,2021-12-21
859bed11-3d5a-47d5-82dc-f4239d971203,Van,2014-07-30,125358,Petrol,2022-01-12,Oil Change,1877.34,21,404.44,12.69,6,Urban,2023-09-30
4870b5d5-6272-45b9-a227-72d64ea5b922,Van,2011-01-16,63248,Diesel,2021-04-17,Engine Repair,1004.73,3,50.42,22.44,5,Urban,2023-11-28
5f954cc5-172a-4dc8-b26f-d132dfdf34f6,Truck,2017-01-11,317060,Electric,2021-11-18,Battery Replacement,126.58,8,306.38,18.96,7,Mixed,
6726e239-5388-413f-970e-014bb8bce213,Bus,2012-09-12,419170,Diesel,2019-07-09,Battery Replacement,175.93,46,299.5,2.59,2,Mixed,2021-01-20
90e2d5c3-8674-46f9-abc5-991a0a834399,Van,2013-07-28,341893,Petrol,2021-02-26,Tire Replacement,782.34,16,79.47,2.51,1,Highway,2022-12-01
64553c43-6bf1-4575-958e-a3e779dd33b7,Truck,2020-08-06,125753,Electric,2021-08-12,Brake Replacement,733.49,37,215.57,3.76,6,Highway,2023-04-04
a3a4ee3a-41f7-4b02-9673-9353a11df765,Bus,2012-12-09,447394,Diesel,2017-05-13,Engine Repair,611.29,37,477.84,21.09,4,Urban,2017-10-11
5256f576-2510-4aae-8be9-84a782deb496,Van,2010-07-24,244324,Electric,2016-05-20,Oil Change,685.95,11,63.1,4.11,3,Highway,
2ef77786-aef5-47c7-b080-4a838e9f3417,Truck,2019-02-07,408129,Petrol,2021-08-07,Oil Change,1362.66,40,469.58,1.06,7,Urban,2023-01-23
34344d34-2f68-48ae-9f71-99677f88b76d,Van,2013-06-06,342197,Petrol,2022-01-12,Battery Replacement,1925.7,44,307.51,27.01,6,Highway,2023-06-30
60254de3-56fe-48e5-ba13-5ba009c46d98,Van,2017-12-01,23774,Diesel,2019-12-19,Tire Replacement,1624.02,36,442.66,21.74,5,Mixed,
f79c815f-18bf-4a96-8c25-456327f736db,Van,2014-12-13,351144,Electric,2020-12-30,Battery Replacement,1845.95,6,136.23,27.69,5,Urban,2023-06-21
8e280a51-b505-497f-a732-c7836729935e,Bus,2013-08-12,15640,Electric,2020-06-09,Oil Change,725.82,25,398.09,5.65,9,Mixed,2023-11-12
a0e3e89f-d4d4-4195-b317-7e8286bc773c,Truck,2013-02-21,146692,Diesel,2019-12-21,Engine Repair,510.68,12,450.88,22.1,8,Mixed,2020-09-08
f41594d2-2a91-478b-91bc-8df9f0cb28fa,Truck,2015-05-18,332253,Petrol,2017-10-01,Oil Change,1551.76,1,344.02,29.98,5,Mixed,2022-10-29
749c972f-a159-4226-be99-7476b3c660e1,Van,2019-11-29,318067,Diesel,2021-07-11,Tire Replacement,1598.24,22,98.28,27.91,3,Urban,2023-08-27
956a018e-4ba5-4d4d-95ef-451d878a80eb,Truck,2019-11-21,253596,Petrol,2019-12-13,Oil Change,1364.74,19,484.85,15.58,6,Highway,
6acfb76a-1ce1-4c71-acf1-41c622ea8be8,Truck,2012-07-16,271586,Diesel,2019-10-19,Battery Replacement,1518.87,30,397.65,21.07,2,Highway,
b0ce8541-f405-4feb-9cbf-478dacc2e53a,Truck,2012-10-13,123294,Petrol,2018-01-15,Brake Replacement,833.01,37,344.9,24.2,1,Mixed,
1bb4c294-319b-4556-a195-d36c9dcf8f17,Bus,2016-12-02,111461,Petrol,2019-12-09,Tire Replacement,1014.21,23,265.09,27.43,5,Highway,2021-12-06
a00d193c-bd51-4b8a-b96b-8e54652ad91a,Bus,2014-05-01,274576,Petrol,2015-10-12,Engine Repair,194.19,3,269.81,14.95,6,Mixed,
6e1e0c4d-2410-4acb-a888-e93ded455a33,Van,2009-11-07,487829,Electric,2023-04-15,Engine Repair,1824.65,18,155.97,15.88,9,Mixed,2023-06-25
009b1668-bb07-486a-bc1c-f92c4d30b3af,Van,2020-04-30,278926,Electric,2021-02-11,Tire Replacement,1893.1,36,241.69,1.92,6,Urban,2023-10-28
2c62e562-caf2-4a48-bb03-04708942e8c6,Bus,2016-09-16,407768,Diesel,2019-11-27,Engine Repair,1218.49,40,121.0,2.79,1,Mixed,2022-02-19
b0ddd8c0-1ff0-401e-bd70-c8e54a900bc8,Truck,2018-11-15,98632,Petrol,2019-03-24,Oil Change,290.52,30,181.05,19.3,1,Highway,
ce06595c-6bb2-46e6-b76c-a59749dd96ca,Bus,2011-11-25,20703,Diesel,2018-04-18,Oil Change,1319.7,14,293.89,25.6,3,Urban,
6190cc9f-6af2-4a76-ad55-a757d28e3a2d,Van,2008-11-27,291748,Petrol,2015-04-30,Oil Change,452.75,47,292.21,9.94,3,Mixed,2019-04-10
30c1048b-e251-4fd4-b751-cbf5c91dee7d,Van,2012-08-14,424803,Petrol,2014-08-13,Engine Repair,1347.18,20,170.07,28.0,2,Mixed,2023-06-01
9daa8911-c54a-47dc-9e03-09022e8f2cc6,Truck,2007-04-13,378113,Petrol,2015-01-02,Brake Replacement,1152.91,27,458.34,17.08,7,Mixed,2023-09-29
e0768165-9cb0-4cb6-97ce-86d323aacc4a,Bus,2005-08-09,386071,Electric,2009-05-07,Oil Change,1137.51,42,294.69,1.2,9,Urban,2014-05-18
97f52b39-e852-4c0f-b571-7207f32ce339,Bus,2020-08-21,220579,Diesel,2023-08-16,Battery Replacement,725.73,9,205.32,9.01,4,Highway,
b8ac9b84-d9d3-4581-8305-2c35e1010483,Truck,2012-01-23,217390,Electric,2022-01-04,Engine Repair,1397.4,20,419.94,8.81,1,Highway,2023-09-15
f9257a6b-8580-45aa-b97f-bf970982da67,Bus,2009-08-20,196003,Diesel,2020-04-20,Tire Replacement,1200.83,15,345.48,15.31,4,Mixed,
87c8dec0-2874-4b4a-b353-fd8e9d8df462,Van,2008-04-19,435304,Electric,2012-01-03,Brake Replacement,1492.7,32,94.95,26.85,1,Highway,
110636e4-7cd5-4f93-99d5-749430919d28,Truck,2006-01-25,113592,Electric,2016-10-20,Brake Replacement,1125.81,3,491.41,29.29,9,Urban,2021-04-04
f05003a1-0667-4ab1-be0b-09a83f2f409b,Bus,2013-06-08,317436,Petrol,2020-03-03,Oil Change,166.54,6,153.57,13.98,1,Highway,2020-11-18
db8794e9-667c-4c66-996e-57b45de78623,Bus,2017-06-14,203454,Diesel,2017-08-26,Engine Repair,472.9,17,139.02,25.28,5,Urban,2021-01-27
00cb3e45-8f55-45f2-961e-617ff97530c3,Van,2013-04-06,331321,Petrol,2017-06-24,Tire Replacement,1600.32,22,374.47,3.48,2,Highway,2019-08-26
30d687b0-b720-45eb-bcb9-4a68ce232963,Bus,2018-12-09,352833,Petrol,2019-12-26,Oil Change,90.52,7,336.36,9.28,1,Urban,2021-02-24
041fb0af-25d3-407a-9531-3abf72439369,Bus,2006-04-13,493031,Diesel,2021-08-02,Engine Repair,1071.13,30,292.7,22.45,1,Urban,2023-08-08
8b366a0c-8294-437d-a5e3-b5eda6f38946,Van,2005-09-03,66758,Diesel,2015-11-26,Brake Replacement,1656.11,2,457.66,4.44,7,Highway,2022-06-20
aae87298-3332-4fc5-b03b-0b2650fa1c6d,Bus,2015-05-25,366571,Electric,2021-10-23,Oil Change,829.84,38,471.27,11.24,6,Mixed,2022-08-02
efeb154b-cc7c-4fc1-9206-0c078e84be69,Van,2006-03-22,441120,Diesel,2014-01-26,Tire Replacement,380.2,2,133.69,27.3,2,Urban,2015-03-18
75eab71b-9148-4a3d-8266-d2fba49fae0c,Van,2005-07-02,70159,Diesel,2020-10-01,Brake Replacement,1422.59,3,257.16,4.86,10,Highway,2022-03-10
f86f8363-dde3-4118-aab7-1317689f6e53,Van,2009-01-07,24194,Diesel,2010-10-01,Engine Repair,559.98,16,413.44,17.65,6,Mixed,2021-05-18
5ffd4c54-0a47-4b2a-9221-2a749399e416,Truck,2008-06-16,379417,Diesel,2010-07-16,Tire Replacement,1070.05,43,215.11,20.11,5,Highway,2019-03-29
73da9403-e702-4dec-a1d2-71e0e25e119a,Bus,2008-09-16,110403,Petrol,2011-02-10,Engine Repair,1638.18,47,271.54,27.73,7,Mixed,2020-08-26
2c6ebe4b-1a36-4f22-949d-f4b0c4190496,Truck,2018-01-22,71542,Diesel,2023-01-17,Tire Replacement,1093.6,1,248.36,9.41,3,Urban,
053f5aeb-cf2b-4156-9390-06c50943fcf4,Van,2011-12-10,364789,Petrol,2013-06-02,Tire Replacement,306.59,36,226.49,3.59,6,Urban,2021-08-24
840f117f-0cb7-4c6b-aa75-c6f045b5fce6,Van,2019-10-22,441432,Electric,2021-02-19,Tire Replacement,257.08,14,190.17,5.52,7,Highway,2022-01-17
062f5bc6-abb6-4310-a8e5-ae2845c8ae25,Truck,2016-02-29,445488,Electric,2016-06-06,Brake Replacement,841.63,13,69.46,27.93,6,Mixed,2018-11-08
f0c2b550-50b6-4f8b-ab28-9871eab594f5,Truck,2015-08-29,261203,Electric,2021-02-03,Engine Repair,267.16,37,322.23,20.99,9,Highway,2023-04-09
3eed4954-07f4-4cb7-91ce-53e5d4a614dd,Truck,2014-11-28,198494,Petrol,2015-02-18,Tire Replacement,1926.64,33,223.28,23.55,2,Urban,2020-04-22
a759af1f-805b-48eb-97ea-304d3c4f358e,Van,2008-08-12,471825,Diesel,2022-08-10,Tire Replacement,377.29,36,206.59,21.42,4,Urban,2023-10-11
454a1562-34c6-4d8c-ae65-b4cd0126d759,Truck,2005-10-14,333740,Petrol,2019-07-27,Tire Replacement,1498.39,45,165.98,10.74,4,Urban,2022-05-29
edb44d00-b4bf-47d9-81a0-4da3e11863f8,Truck,2011-08-14,336187,Diesel,2017-12-23,Oil Change,1974.05,32,118.83,13.92,8,Highway,
e647ad3c-bf73-4e3b-80f9-ceddd821fe68,Truck,2014-04-19,372758,Petrol,2018-06-14,Tire Replacement,702.04,47,496.19,22.62,5,Urban,2023-09-29
dcfe1feb-4df6-42dd-b342-c8c0c3fdfc21,Van,2009-12-06,193929,Petrol,2021-05-29,Tire Replacement,690.03,42,466.14,26.11,9,Urban,2023-01-14
e2a8f0cf-f1e4-48f6-988b-075359a29274,Truck,2006-10-11,451729,Diesel,2014-11-08,Engine Repair,746.74,36,268.08,11.71,10,Urban,2023-01-21
e492944d-024c-4b5b-be61-8ef0185d9080,Van,2009-07-21,6469,Diesel,2013-04-10,Oil Change,1879.35,7,471.91,18.96,10,Urban,2017-10-17
b73b9ed0-c42e-4773-8a28-d35a294aadea,Bus,2014-06-09,396484,Petrol,2021-05-03,Engine Repair,1476.15,40,308.05,19.4,7,Mixed,
86870bf4-c2ad-4ec3-9a02-b25e7bb52f05,Truck,2014-11-11,198392,Electric,2016-10-15,Battery Replacement,1760.92,6,301.56,6.73,6,Highway,
cc151fef-6fa9-4347-b92f-ef50f8c594de,Van,2006-09-09,203863,Petrol,2015-02-26,Brake Replacement,462.71,9,131.44,15.2,10,Urban,
f76797b0-0f72-4c96-a534-aecaddc18a54,Van,2013-11-05,59752,Electric,2019-06-25,Tire Replacement,1297.85,23,472.04,27.15,1,Urban,
2a20dfb7-4608-4bd0-9fcb-3856ec495a09,Van,2008-04-06,125194,Electric,2010-09-22,Battery Replacement,539.72,5,486.87,8.83,1,Highway,2014-08-14
9c727d31-c519-47f9-ba3d-214e0a6499f4,Bus,2013-01-30,306940,Diesel,2016-06-24,Brake Replacement,584.5,47,392.43,14.52,7,Highway,2021-10-06
d4edabfc-4f63-4f52-8dbb-bda1b80b240f,Van,2011-10-28,126466,Petrol,2014-09-27,Brake Replacement,430.01,39,341.65,24.06,10,Mixed,2022-09-19
a90a8c59-d349-4da8-9dfe-b629e65e4754,Bus,2009-06-17,127591,Electric,2017-05-11,Oil Change,212.7,16,493.97,8.88,9,Highway,2019-06-19
b2c37fe5-0769-4ec5-b17a-02ca0ddf9c63,Truck,2008-04-30,130044,Petrol,2011-01-30,Oil Change,433.18,7,83.33,25.32,3,Highway,
2567eb36-6289-4584-87b1-92d182557122,Van,2008-04-02,80766,Petrol,2014-02-16,Engine Repair,344.06,48,160.1,23.69,7,Urban,2016-07-17
cebd3099-266c-42b3-b481-42cd475c3a99,Bus,2005-07-08,273252,Petrol,2011-07-28,Oil Change,997.42,19,361.76,28.95,6,Urban,2014-02-26
53b77a83-2907-49f9-9379-42a29b8dab0f,Bus,2014-07-09,23372,Electric,2014-09-16,Brake Replacement,54.61,12,388.0,27.76,3,Highway,2022-11-16
e0b66b17-d0e5-46e3-bb39-9e00b107d279,Van,2005-12-31,179877,Diesel,2016-10-05,Engine Repair,278.36,25,215.79,22.82,8,Highway,2020-10-21
128025d6-2655-4ea4-90df-c311680d650c,Van,2016-07-25,369085,Electric,2023-07-22,Engine Repair,828.56,46,474.49,9.68,6,Mixed,2023-12-08
22bea9bb-a6b1-4d48-b44a-95dda0319e59,Van,2012-08-17,435802,Petrol,2018-03-11,Engine Repair,691.42,27,181.6,20.69,2,Mixed,2021-04-20
2eb84af8-2d4d-4b68-8f2c-455836f5c246,Van,2005-01-01,449342,Petrol,2010-02-18,Battery Replacement,428.9,3,215.81,20.28,8,Urban,2016-12-18
abbbede8-e3cc-4337-b2fc-10f91635ec29,Van,2007-08-14,38509,Petrol,2010-08-09,Oil Change,617.85,24,381.8,8.42,6,Urban,2019-01-15
608d8f80-7672-41e5-8b42-026a67fcfa3e,Truck,2014-02-06,473955,Diesel,2022-01-14,Brake Replacement,1909.14,8,112.52,2.97,2,Mixed,
efc59d28-5f2c-4a32-91dd-11218568e94c,Van,2007-07-24,290715,Petrol,2010-09-08,Engine Repair,1108.12,13,130.5,5.88,7,Highway,2016-03-28
95001649-951a-4df3-b330-7a5c414d7999,Van,2009-04-30,425016,Petrol,2023-08-02,Oil Change,1897.91,2,444.2,20.82,10,Highway,2023-12-02
3b011a03-e1ad-4fbf-a224-d75e44abd32a,Truck,2019-02-02,492218,Diesel,2023-07-28,Oil Change,1810.74,23,151.26,11.9,1,Mixed,
1996a7b3-274a-4177-a22c-79ca6c543152,Truck,2007-04-30,51958,Diesel,2020-01-29,Oil Change,299.99,25,374.87,3.56,6,Mixed,2022-10-21
a7b58478-6280-4151-976d-49f0a864f8ac,Van,2009-07-20,42628,Diesel,2015-04-19,Battery Replacement,1942.95,13,487.83,26.62,7,Mixed,2016-03-24
3d317e11-2928-4b31-a459-d3947476879c,Truck,2019-05-20,360062,Diesel,2022-01-21,Tire Replacement,1567.01,30,211.2,3.46,1,Highway,
227ff036-6400-4e24-907a-9b64178b9658,Bus,2013-05-27,462078,Electric,2017-11-29,Engine Repair,917.71,32,332.03,20.76,1,Urban,2023-10-27
5152b5c1-ae5d-4a01-a110-40d54db28ce5,Van,2009-06-16,442169,Petrol,2017-12-26,Battery Replacement,1626.73,28,153.75,28.2,5,Highway,2022-12-22
1ae6b1ae-1686-4a08-a4c6-127405924255,Van,2013-03-16,77704,Petrol,2023-12-22,Oil Change,1223.89,23,455.49,6.45,8,Urban,2023-12-24
1dc0c4e3-8c80-4a9c-8947-9fabaf5e202f,Bus,2019-05-14,442774,Electric,2019-08-02,Brake Replacement,1768.5,7,128.04,8.39,6,Highway,2023-04-09
5b7acba7-ec92-482a-aab2-cb424d53a4cd,Truck,2007-01-29,86191,Petrol,2012-02-04,Oil Change,1658.96,38,375.9,26.8,8,Highway,2021-03-13
b867d0ba-082e-457a-9c03-520dd00a62d3,Van,2016-08-13,215699,Diesel,2019-10-19,Oil Change,570.42,6,108.19,13.37,3,Highway,
7b28372e-df22-4d78-ba15-5480246856d6,Bus,2011-02-08,216860,Petrol,2011-06-08,Brake Replacement,1256.8,1,154.79,13.5,1,Urban,2015-10-16
21fbff13-1a4d-4091-a060-bf89b52012c3,Bus,2016-08-23,443467,Diesel,2018-07-13,Battery Replacement,781.31,16,325.5,12.14,8,Mixed,
37fcbd76-21fe-4981-8bbc-88c0e4300893,Bus,2005-01-26,457027,Electric,2023-03-22,Oil Change,293.63,20,413.33,16.77,6,Mixed,2023-07-28
99f63124-74d2-4304-aad8-f2451cc85762,Truck,2014-11-18,433705,Electric,2023-04-18,Brake Replacement,789.77,33,147.67,17.91,4,Mixed,2023-05-05
1a35fc4a-06ea-4748-a7a7-c710900e7e86,Van,2010-01-23,113466,Petrol,2022-03-31,Engine Repair,1530.86,7,170.2,21.41,2,Highway,2022-10-24
7ca0edfc-c7b3-4849-bdd2-83ababae9f97,Van,2007-01-19,231930,Diesel,2021-10-01,Oil Change,421.75,40,150.5,14.08,9,Mixed,2022-10-13
7463bc78-32b7-40c2-a795-1062c26a5acf,Bus,2009-10-19,437544,Diesel,2020-05-09,Oil Change,283.81,28,333.35,23.18,4,Mixed,2020-12-16
e75eaefa-f569-4b0c-984b-3e68fe0ed206,Bus,2016-02-20,234106,Petrol,2023-12-27,Oil Change,351.56,36,327.08,17.79,2,Highway,2023-12-27
7272f4de-4f88-4388-bd01-ee89e5e9c9e7,Bus,2007-03-29,338943,Electric,2014-09-07,Oil Change,1561.11,31,457.2,6.7,9,Highway,
017bb783-34b2-48ac-bd4a-aeba2998dd73,Truck,2019-12-10,249355,Electric,2019-12-18,Engine Repair,648.62,15,60.84,26.45,4,Highway,
7a409737-f70b-47f2-8901-8410d9d49a04,Bus,2015-09-04,235952,Diesel,2015-11-03,Brake Replacement,854.15,42,61.55,22.89,2,Mixed,
b254f4b8-0f88-4b02-ab5d-ff8a0d8e66cb,Van,2018-09-05,52576,Diesel,2023-02-12,Tire Replacement,1169.7,19,490.43,23.66,2,Mixed,
f95802ab-9f38-48ae-9439-02dbf7e15f00,Truck,2019-10-08,461372,Petrol,2021-10-24,Tire Replacement,823.23,7,116.0,3.33,5,Mixed,2023-12-06
753e8895-0ff9-4590-ac6c-d71b5ff810a3,Truck,2013-11-30,449141,Diesel,2016-09-05,Engine Repair,132.3,17,319.28,2.38,5,Highway,2016-10-25
132f86a3-0c9b-40dd-a708-324624ea2340,Van,2015-12-27,199176,Diesel,2020-11-01,Engine Repair,1475.31,10,448.17,24.13,7,Urban,
3b9db9d7-9890-460f-bf6a-9997f22455e2,Bus,2019-10-27,298561,Petrol,2019-12-11,Oil Change,1674.84,36,76.87,8.31,5,Urban,2023-07-11
59de54a4-0299-4081-8add-704cb6eba67f,Bus,2006-04-01,116891,Petrol,2017-12-27,Tire Replacement,707.65,40,156.42,4.95,4,Mixed,2019-02-03
f2c434e3-3818-4f7e-8efa-120fca786cd5,Truck,2020-01-14,495530,Electric,2021-07-27,Brake Replacement,1604.25,29,158.0,3.55,6,Urban,2021-09-25
dfc4c611-5833-473c-8287-c3c34b2051db,Bus,2014-09-24,81382,Electric,2020-07-12,Battery Replacement,1111.92,17,110.66,4.6,1,Mixed,
8f2713cc-a86c-47c1-8c20-47e61a192ed7,Van,2013-05-07,170180,Petrol,2020-06-08,Tire Replacement,1486.45,48,493.81,16.68,3,Urban,
925d0d3f-3e2b-403b-8602-930f49c7df86,Van,2016-05-27,279711,Diesel,2019-03-24,Oil Change,513.87,40,434.96,4.5,9,Urban,
00d8eae1-dd7e-4af4-b3fd-aca436335f89,Truck,2020-09-20,410457,Diesel,2022-03-30,Tire Replacement,708.17,46,491.01,4.73,6,Urban,2022-09-21
f3e1ea33-b4a8-43e9-9832-30d1932ef6b9,Van,2006-03-16,20760,Electric,2015-05-08,Oil Change,1145.17,28,324.98,23.82,8,Urban,2015-09-14
95dc9327-fc47-4d61-9bd2-2a3be0737506,Van,2014-08-01,227057,Electric,2023-11-03,Brake Replacement,1635.85,42,477.1,19.2,6,Urban,
708fbd1b-feea-4674-b7c5-076505508e3c,Truck,2006-10-16,260918,Petrol,2009-04-06,Brake Replacement,974.98,16,334.6,22.07,5,Highway,
2d13495e-953f-4e77-b95a-ad5a1981c365,Bus,2010-07-05,280144,Electric,2020-01-21,Engine Repair,629.98,5,299.92,11.76,5,Mixed,2022-09-14
76cedd5b-f472-4e62-bf23-e6af6e6cb19a,Bus,2008-10-12,347106,Petrol,2014-05-01,Battery Replacement,584.62,43,83.58,16.31,10,Urban,
ce1997e3-1c6d-4706-ae62-db763247851b,Van,2010-06-08,43830,Electric,2017-08-05,Tire Replacement,1850.72,27,134.83,25.54,1,Mixed,
3b631447-ffc5-4e3b-af03-a091448df35d,Van,2014-09-04,345926,Electric,2016-08-26,Engine Repair,1482.22,9,446.14,13.92,7,Highway,2020-06-05
b5842d96-4d7e-4c52-999c-e03bc6da8d7d,Van,2008-05-14,33499,Petrol,2017-02-23,Brake Replacement,306.38,20,173.13,13.34,3,Highway,2019-01-06
7d9ecc61-4e05-42f6-b7f4-65beffc2e479,Van,2009-12-10,127226,Petrol,2018-04-19,Oil Change,1324.97,25,207.45,7.26,2,Mixed,
5daea871-fdb9-4744-8b26-d060b47840ab,Truck,2012-08-05,364086,Electric,2021-10-10,Brake Replacement,719.28,23,441.95,11.46,7,Mixed,2022-02-28
ffc6fac1-5cc7-4059-becf-c5b587e0c2b7,Truck,2020-04-15,7339,Diesel,2020-09-15,Battery Replacement,905.2,30,120.96,15.02,8,Urban,2020-12-18
861bcf0d-3082-47a1-a28d-fe36a44cc63b,Van,2020-08-28,124229,Electric,2023-09-24,Engine Repair,220.94,8,116.69,1.65,9,Mixed,2023-12-14
11218ea9-bc75-4f43-85e7-48e7d4ae02b6,Bus,2013-07-26,447551,Diesel,2015-08-06,Tire Replacement,944.09,35,72.41,27.53,7,Mixed,2020-07-31
59ec262d-d7ba-46d6-a9a2-a342b70b968c,Truck,2009-05-21,103331,Diesel,2022-08-29,Tire Replacement,619.43,39,356.47,5.55,6,Mixed,
9d1cc76f-4300-4f12-9127-4951a9836748,Truck,2012-09-09,162558,Diesel,2017-10-08,Brake Replacement,1215.07,44,466.44,17.46,7,Urban,
a643d5f0-9755-4e46-9a75-a8a065dd519b,Truck,2007-01-19,454444,Electric,2010-12-19,Tire Replacement,277.53,28,330.65,4.38,9,Mixed,
bd6201da-b1b3-4d28-b38c-afe7d961cc49,Bus,2005-08-01,425479,Electric,2009-06-02,Engine Repair,315.66,38,201.19,4.72,9,Urban,2015-01-13
7b643055-d51c-41c1-a3a6-4943a0c0b3d0,Truck,2019-01-18,284422,Diesel,2020-12-01,Battery Replacement,370.64,47,153.29,24.92,3,Mixed,2022-10-31
3f703ab7-9671-4ac5-9cf3-54ecc89171a2,Van,2009-03-26,386744,Petrol,2021-06-03,Tire Replacement,221.77,13,236.53,3.42,8,Urban,2022-06-21
043615e9-2af5-49e5-872f-bd61a63889c1,Bus,2018-01-02,52755,Diesel,2020-08-07,Tire Replacement,270.96,25,405.8,8.44,8,Mixed,2021-06-10
8b70c1fb-1980-4a93-9cf6-0d28e33f37ec,Truck,2010-02-11,302393,Electric,2015-07-07,Engine Repair,193.49,42,298.53,11.5,3,Highway,2018-06-26
8a221862-6d76-42ff-bd7f-986ff07ac835,Truck,2019-06-29,285572,Diesel,2022-04-14,Battery Replacement,1964.67,25,174.69,9.73,1,Mixed,
7d42c016-0838-4117-b101-feb8bd04b1e2,Van,2009-07-25,56356,Petrol,2018-02-05,Battery Replacement,883.68,1,477.28,9.74,1,Highway,
b2badee2-2b3e-4b9b-8c42-af0768b281fe,Truck,2016-01-08,9742,Electric,2018-03-25,Engine Repair,1958.76,5,115.52,11.7,7,Mixed,
8523fd41-2ea7-4dbe-950e-222cd358f3ce,Truck,2009-02-02,54156,Electric,2017-08-15,Battery Replacement,582.06,25,248.78,12.71,9,Urban,2022-08-10
503814d5-1946-4897-bc33-d6f5d77331e2,Truck,2011-04-24,438343,Electric,2016-09-14,Engine Repair,485.37,5,202.16,5.82,7,Mixed,2020-12-10
75e08ea4-fdb3-4884-9aec-741e56547756,Truck,2019-05-29,200347,Electric,2021-07-08,Battery Replacement,1693.05,31,98.55,20.04,2,Mixed,2022-12-24
5c7d5985-65fe-48da-8f35-27898d85403e,Bus,2018-04-18,126080,Diesel,2020-10-10,Brake Replacement,1239.97,43,144.5,26.44,6,Highway,2022-11-09
0d577fb5-00d0-42f8-a491-50c58aa1297b,Truck,2013-02-19,13841,Petrol,2019-06-23,Engine Repair,1171.12,28,105.76,3.85,6,Highway,
e92d83eb-78c3-41bc-8ec7-4d1461b56d43,Bus,2014-09-24,439179,Petrol,2022-11-20,Tire Replacement,677.28,8,200.51,21.79,6,Highway,2023-10-27
4c866300-69f1-4245-b52b-7e314270e540,Van,2012-04-25,356667,Petrol,2020-11-24,Battery Replacement,291.02,1,380.34,14.63,5,Highway,2021-10-31
ad21d514-9c4b-4079-b12b-3c782018b524,Bus,2008-04-08,325652,Petrol,2015-06-27,Engine Repair,218.27,47,57.65,21.89,10,Highway,2021-12-17
b7d24c75-ca57-4de0-b370-8121ececdbce,Truck,2010-07-16,482577,Petrol,2016-09-23,Tire Replacement,1578.14,38,394.91,19.96,6,Highway,2016-09-27
c6eb204d-8d9b-4e87-8c80-d0aeecf27082,Truck,2008-08-04,418146,Petrol,2013-11-13,Oil Change,768.72,29,224.07,13.39,2,Urban,2014-07-14
a65f0c36-b7ac-4417-9fe5-a01056ec4648,Van,2012-03-27,193487,Diesel,2022-02-21,Brake Replacement,542.19,22,215.71,17.19,1,Urban,2022-07-19
23c6d01a-eb67-4d9f-96e6-ff441c10696f,Van,2009-05-24,85328,Electric,2009-11-28,Brake Replacement,1059.29,33,448.76,16.34,1,Mixed,2010-10-08
fadac8e0-05e5-4469-a632-6bc31114a784,Van,2017-04-09,462483,Electric,2023-07-23,Engine Repair,1788.26,37,81.33,23.38,10,Urban,2023-11-16
da7f53c1-80d5-4881-8234-fa1ab556ce01,Bus,2008-01-12,48704,Diesel,2013-12-13,Brake Replacement,1332.19,33,283.35,22.72,6,Highway,2022-08-23
f2cd9f3d-f10f-4c80-99bd-656e1badb355,Truck,2012-03-24,369264,Electric,2013-07-07,Oil Change,1009.99,28,409.54,8.5,9,Highway,2015-11-22
3c6da4c9-ff3f-4227-87f8-9fb9e81a7298,Bus,2017-12-18,398992,Diesel,2018-06-17,Oil Change,1046.36,38,294.91,17.19,10,Highway,2021-02-17
9f06fbe4-76bd-4ef7-bfb1-d7329817d16f,Bus,2010-08-30,284851,Diesel,2019-08-30,Oil Change,1691.42,27,461.16,6.32,5,Mixed,
d21f2ee9-6bc9-4ecf-84be-99081c6c53bd,Truck,2019-05-13,140477,Diesel,2022-01-24,Oil Change,1838.87,37,296.67,17.94,9,Highway,
79085659-593c-4a7d-a123-3f7d0277e57e,Van,2010-07-05,310149,Diesel,2011-11-02,Engine Repair,247.89,39,85.33,10.03,4,Highway,
b5fef2de-252c-4da4-8937-715004ad1c36,Bus,2011-09-19,174041,Petrol,2012-12-07,Engine Repair,1173.18,8,391.49,18.99,6,Mixed,2013-05-19
0176eb9e-f244-4ad0-a900-6d6706a905c2,Truck,2006-03-14,462284,Diesel,2008-07-31,Tire Replacement,785.56,7,300.94,6.1,1,Highway,2019-01-29
93e6d160-89f5-4590-9db5-f87d27ac6aef,Van,2015-11-16,316635,Electric,2019-12-29,Oil Change,1968.9,48,395.71,12.38,10,Mixed,2020-09-21
9b686741-f974-4215-ae42-a5bbd7369a06,Truck,2020-01-19,107748,Electric,2021-05-20,Brake Replacement,1916.79,16,249.0,24.99,9,Mixed,
4eca4a95-f288-4799-9983-6e575635a98f,Bus,2012-06-04,326197,Electric,2023-03-08,Brake Replacement,1272.99,36,425.61,12.57,4,Highway,2023-03-31
fed5f821-1b7e-4cc3-9f99-1e61990ec57b,Van,2020-03-03,195950,Electric,2023-02-16,Engine Repair,1314.35,37,120.78,14.52,10,Highway,2023-06-23
4dade8ee-876e-4bba-9ee2-eb9d9d3a8329,Bus,2008-04-13,100904,Diesel,2009-09-14,Oil Change,934.64,28,323.9,19.56,5,Urban,2014-04-10
310046e2-3acd-4521-b58b-fdec18e5d8e5,Van,2007-10-16,380133,Petrol,2010-10-15,Engine Repair,1062.95,5,264.89,5.03,8,Mixed,2021-04-02
906817b6-4241-492e-91f9-ab6655aa8623,Bus,2012-01-10,186252,Petrol,2014-07-07,Engine Repair,964.35,45,267.01,28.84,3,Urban,2017-08-24
df4a11fc-1119-45d0-a966-b56bb06afb09,Van,2005-01-25,94017,Petrol,2018-02-18,Engine Repair,340.53,8,193.53,4.19,2,Urban,2021-02-04
1a27fca7-3d9c-42b2-bb4c-1da1d7bf84c5,Bus,2016-06-12,349524,Petrol,2018-04-13,Tire Replacement,1617.52,34,307.87,21.21,2,Urban,
c8545a47-9ba1-4a47-a765-d8fdf9fa5870,Truck,2005-08-02,41993,Petrol,2013-03-27,Tire Replacement,867.55,42,290.24,27.73,8,Highway,2022-11-13
b7c34e6c-47ec-4fcd-a506-24d090daea40,Truck,2007-01-28,308857,Electric,2013-07-03,Engine Repair,943.16,40,451.02,10.81,8,Urban,2020-10-31
05e7c30f-07f5-4f60-adf1-96e7fe874120,Truck,2005-10-19,363122,Petrol,2016-05-20,Battery Replacement,1138.47,34,344.57,4.07,3,Highway,2018-06-28
4aa13858-23a1-4c96-9281-5a8fd04bf243,Van,2005-02-27,373345,Petrol,2022-12-26,Battery Replacement,1718.58,21,408.98,26.1,10,Mixed,2023-06-10
d318f237-ff80-465a-9815-7995764c3604,Bus,2019-07-02,314063,Electric,2021-08-27,Brake Replacement,1548.02,16,262.66,24.36,1,Highway,2023-08-01
94ee3e87-7e56-42a8-a898-fa825380ee61,Bus,2017-10-01,168976,Diesel,2017-11-18,Battery Replacement,435.82,38,130.73,11.56,9,Highway,2018-08-19
71934b5a-5e04-474a-9616-cfdcfc13573f,Truck,2015-01-14,224064,Electric,2023-06-04,Engine Repair,1315.14,48,477.62,6.36,6,Mixed,2023-10-18
7cc085d0-9003-4015-83fc-bc7a7b063d24,Truck,2008-03-27,85490,Diesel,2012-03-19,Tire Replacement,1541.65,16,58.06,1.38,7,Highway,
4c152f82-14e6-4134-b767-3114733534d0,Bus,2011-04-22,375227,Diesel,2014-04-01,Tire Replacement,1327.51,30,321.87,12.27,8,Urban,2014-12-04
0580ca4b-4c1b-4e9e-9741-53309b273803,Van,2019-11-30,480700,Petrol,2022-08-01,Engine Repair,1572.34,3,409.75,21.78,5,Mixed,2023-01-30
87c3023b-06d5-4674-9af2-65e1e0e0bf3c,Van,2010-12-23,163649,Electric,2021-04-30,Engine Repair,1046.49,8,300.07,24.4,4,Mixed,2022-09-25
0d5e6c21-19d9-4be6-bf85-93b5f8208959,Bus,2011-02-06,338850,Diesel,2017-02-08,Tire Replacement,824.18,38,414.21,1.62,2,Urban,2020-03-21
986bf5ab-61b4-4a09-b3d2-9ed921d6ae6f,Van,2006-03-28,400807,Diesel,2023-12-13,Oil Change,349.37,43,404.41,28.61,5,Urban,2023-12-26
27532268-01f9-4903-bec6-36fd311c0106,Bus,2006-10-01,193721,Electric,2017-08-18,Battery Replacement,1549.01,6,206.61,11.04,10,Mixed,2020-09-08
848b401e-3454-4fa1-a87d-463439d699ca,Truck,2007-03-26,178577,Petrol,2020-11-09,Oil Change,1865.45,10,60.54,2.91,5,Urban,
ea3a6c9c-549d-44e4-864c-c30cd4e474cf,Truck,2008-07-24,50563,Electric,2013-06-05,Battery Replacement,442.73,31,342.93,20.03,9,Urban,2019-05-21
34bad8c8-5393-4680-ac39-75c671e4f52f,Truck,2020-01-12,279514,Electric,2023-01-18,Tire Replacement,894.89,8,53.01,4.14,4,Highway,2023-02-08
89377865-314a-4300-9251-c20b77349926,Van,2015-09-24,39615,Electric,2018-06-30,Oil Change,974.11,30,482.77,8.93,4,Highway,2020-04-12
1d016be9-7e56-44b6-af5a-025232470d1e,Bus,2005-03-21,250642,Electric,2009-04-22,Brake Replacement,344.46,43,385.96,22.55,6,Highway,2018-08-30
ba566c58-5b87-42f7-8508-4a41f213784b,Bus,2008-08-12,19532,Electric,2022-07-16,Battery Replacement,1995.55,44,493.74,19.3,2,Highway,2023-10-22
f56cb4a0-a81a-49a5-b00a-3be038a88b58,Truck,2018-12-28,46437,Diesel,2020-11-13,Tire Replacement,879.6,7,360.64,21.36,1,Urban,2021-06-23
f4ed12b0-7d1f-4218-820a-b2d716a840a9,Bus,2010-05-10,336745,Diesel,2014-04-01,Oil Change,1887.15,11,84.31,2.28,5,Mixed,2018-05-25
06708977-3401-45b8-a3a3-1105cf7ec846,Truck,2016-01-23,464790,Petrol,2018-08-24,Oil Change,1155.77,8,497.19,6.75,1,Mixed,
c785fb44-4bed-4fd3-88c0-58be3c0a2fd1,Van,2007-06-09,284079,Petrol,2014-03-25,Tire Replacement,710.46,42,202.41,5.4,5,Urban,
18c70832-4801-46cc-9b82-4efefee610b8,Bus,2007-08-02,15042,Petrol,2022-08-18,Oil Change,846.2,28,393.97,14.58,3,Mixed,2022-09-06
123216ea-8d59-43a4-8d1c-bcc9ab7a1cff,Bus,2013-10-09,162745,Petrol,2022-06-09,Battery Replacement,1314.37,25,224.44,3.9,1,Mixed,2022-12-01
7869ee71-a4ce-4dfb-8d73-0380897081b8,Van,2016-02-06,379350,Petrol,2023-11-03,Brake Replacement,1014.33,25,247.46,18.22,1,Mixed,2023-11-19
b30726cc-a7e1-4f82-9094-93328e9ff58e,Van,2009-02-09,107569,Electric,2010-09-30,Battery Replacement,1463.26,17,144.17,15.99,1,Urban,2012-12-11
8b1eb4b1-b275-4a58-8413-819a51ff2b84,Van,2016-03-14,365751,Petrol,2019-02-09,Oil Change,1966.91,17,223.74,19.34,7,Urban,
8961be52-5074-439c-8a5f-217c3acefb00,Truck,2018-01-17,436554,Petrol,2021-03-29,Brake Replacement,1268.79,31,360.85,27.69,8,Highway,2021-07-13
388d5e96-fbeb-4d90-b3a3-4073e7cd9ff6,Van,2008-09-01,411441,Electric,2009-07-25,Engine Repair,878.21,3,181.5,20.08,5,Highway,
19c2a105-ddc2-4654-9135-22c8844e4864,Van,2013-11-15,448657,Diesel,2017-12-09,Oil Change,501.82,39,322.61,25.84,6,Highway,2022-07-17
e87a3a1f-73ec-440f-8059-cc2a4aa40cc6,Bus,2013-09-01,211734,Electric,2020-06-15,Battery Replacement,96.4,25,489.3,1.56,6,Mixed,2021-09-27
15288d48-b189-4333-9ddc-3fce1536cc58,Van,2005-12-08,337304,Diesel,2012-02-05,Battery Replacement,1193.47,46,329.96,11.86,3,Highway,
3a6d6279-f6e5-44ee-b951-b75eced2acfb,Van,2013-12-10,385654,Petrol,2015-06-25,Brake Replacement,927.36,8,499.87,7.02,6,Urban,2015-09-20
64b6122c-2557-4506-acad-064c1ec71dd1,Bus,2020-02-17,17921,Petrol,2021-05-08,Tire Replacement,756.06,8,374.39,10.57,3,Mixed,
f298717b-3b84-4427-9470-78d985df00b4,Bus,2019-05-02,398420,Petrol,2020-12-10,Oil Change,782.8,29,349.04,27.04,6,Highway,
3a050934-3849-44db-a999-8a5f2994484c,Van,2008-05-07,92618,Diesel,2012-02-17,Engine Repair,1602.81,27,181.89,23.35,2,Urban,
bb51b702-49d7-4d0b-8290-8a7ced960be4,Truck,2006-07-27,494288,Electric,2021-09-27,Oil Change,110.41,26,123.95,9.04,5,Urban,2023-12-07
5151e4a6-15fe-49da-9156-d634a9eeefc1,Truck,2018-07-06,400180,Electric,2020-01-25,Engine Repair,1176.95,24,405.48,9.83,5,Mixed,2022-11-30
c1074a9e-8704-463a-8f2d-8b72e1e9c4c7,Van,2013-12-04,373027,Petrol,2023-04-11,Oil Change,1994.56,34,467.49,5.92,4,Urban,2023-07-29
c25c711e-5fef-4280-b8e2-5bd1017f62f6,Truck,2010-10-31,310699,Diesel,2018-03-29,Engine Repair,1671.33,22,454.43,3.12,10,Highway,2018-08-14
c42138c6-ee1d-4ac7-9bbe-d01145d42dcb,Van,2009-06-21,295203,Petrol,2023-12-19,Battery Replacement,1544.51,30,297.67,13.83,4,Urban,
ca1422ea-1ee7-48b3-9915-7a5bf1fba1bc,Bus,2011-11-20,308087,Petrol,2021-02-02,Brake Replacement,583.39,22,378.5,28.34,4,Mixed,
a9204be1-7b85-4c98-9bd0-d13f7851dae6,Bus,2014-10-22,417530,Electric,2015-01-12,Brake Replacement,1244.53,28,340.68,11.0,1,Urban,2020-08-05
0b955aa4-0a03-4b4b-9429-446dfd5a208f,Bus,2019-05-25,258127,Diesel,2022-10-07,Brake Replacement,1729.87,31,368.09,1.06,3,Highway,2022-12-27
a407e902-4c4d-464e-b7d1-d081e413fb95,Van,2016-03-26,494743,Diesel,2022-01-22,Brake Replacement,1227.34,33,401.59,24.56,7,Urban,2023-11-24
7cc1812c-c119-4a88-9ea4-5aadb813f79f,Bus,2007-11-17,171008,Petrol,2010-06-07,Oil Change,1562.46,22,283.0,21.67,6,Urban,2017-12-12
4ff7b6f7-c8bb-4064-a7f0-58c6ec128fdd,Bus,2019-08-17,185074,Diesel,2019-09-04,Battery Replacement,543.03,25,433.8,22.38,8,Mixed,2023-01-24
1dc5c64b-3ceb-4fa8-97b8-9abe3b272ad5,Van,2012-03-19,212644,Petrol,2016-09-03,Brake Replacement,304.76,8,296.91,10.33,9,Urban,
ca24bae4-e64d-4fd7-b1d5-d8ccbead462d,Truck,2018-09-23,313493,Electric,2019-05-24,Tire Replacement,788.69,42,482.7,19.66,9,Mixed,2019-08-15
27b6e784-c47b-4c26-974f-cb0046575236,Van,2006-04-09,241073,Petrol,2014-12-16,Oil Change,1944.71,7,155.66,22.02,10,Mixed,2022-04-17
14c66a8d-3189-4e9a-9920-72c56355272b,Truck,2005-07-18,132998,Petrol,2022-10-20,Oil Change,1771.34,11,111.88,19.06,10,Mixed,2023-06-17
ab2e73f8-c63b-443f-a11e-9a9fec9274ca,Van,2015-11-15,423620,Diesel,2019-12-07,Brake Replacement,154.28,26,472.88,17.84,4,Highway,2020-03-22
7efd6584-0e64-45de-8153-7a5462b4e1a6,Truck,2008-08-13,444750,Electric,2021-07-17,Battery Replacement,1252.58,39,439.67,11.29,5,Mixed,2023-11-24
c0fc94ed-df24-4891-962c-35b54bb0671a,Van,2007-06-18,105133,Diesel,2014-10-20,Battery Replacement,1320.92,38,316.31,22.92,7,Highway,
57f072fb-7258-4eb7-bcc5-ac00e9d1a75d,Van,2015-01-21,177456,Diesel,2019-05-08,Engine Repair,900.79,31,412.3,2.59,2,Urban,2022-08-01
87ad353d-9e82-43c3-9b94-04c9aa835158,Truck,2006-01-25,463639,Diesel,2013-05-26,Tire Replacement,1277.51,12,391.68,9.37,6,Mixed,2014-11-01
85314e43-f34a-483d-9776-4d3b060154b7,Truck,2007-03-10,263360,Electric,2017-10-02,Oil Change,765.05,25,285.91,16.45,10,Highway,2022-06-02
e9dbadd6-96cb-4325-96ca-93c5dfd7f2cc,Bus,2010-06-17,437232,Petrol,2019-12-22,Brake Replacement,1561.92,5,269.38,28.41,5,Mixed,2021-06-01
72810d77-7b4f-457d-ae35-979dc45e57b9,Truck,2014-10-18,43743,Petrol,2015-07-18,Battery Replacement,970.48,39,339.89,22.54,8,Urban,
4a4909bb-9520-496f-b73c-b332416e787e,Truck,2010-12-29,26799,Petrol,2023-02-20,Brake Replacement,1773.11,32,425.68,19.8,6,Mixed,
90aa825a-309c-47e7-8c8e-8632dd5f159b,Truck,2013-04-24,154167,Diesel,2014-11-24,Tire Replacement,1325.29,19,312.08,20.66,6,Mixed,2021-02-06
51db6c00-14d6-417e-a3a7-739e337e4e08,Bus,2017-07-06,239523,Petrol,2023-10-29,Battery Replacement,1270.51,8,226.1,22.84,1,Highway,
f1351c41-fc3b-4456-9102-cd77d3062355,Van,2018-04-15,226060,Electric,2023-02-20,Engine Repair,972.04,41,315.16,9.6,4,Highway,
156fe447-0fd0-45dc-af26-601d62fdf7d3,Truck,2007-01-09,174571,Diesel,2022-07-19,Engine Repair,1295.81,32,105.63,2.84,7,Mixed,2023-07-01
1080288d-635b-496c-8fec-cfcd7602e3ce,Van,2006-08-07,46176,Diesel,2011-01-02,Oil Change,243.21,23,78.78,9.27,9,Highway,
77c2c691-5982-45bd-98aa-c681553c153d,Van,2012-01-11,141339,Petrol,2019-11-26,Tire Replacement,1048.32,43,426.16,21.54,9,Highway,
ff33b6df-e44e-4802-b512-b5de0044503b,Truck,2014-09-15,11639,Petrol,2016-02-25,Oil Change,1125.79,19,481.24,29.88,3,Highway,2022-03-13
f80c1647-f91a-4051-8800-f9bd3ee84de0,Van,2011-06-29,277384,Diesel,2014-01-30,Engine Repair,1706.04,35,348.2,22.04,5,Mixed,
6861c102-4e7d-4dae-aa6e-551ab371baa0,Van,2005-06-27,312540,Diesel,2008-09-15,Oil Change,617.36,16,435.87,26.36,9,Highway,2011-11-14
3c3eb3dc-9f58-4525-ba21-e3eec3f210bb,Van,2011-04-13,295389,Petrol,2023-09-19,Engine Repair,388.54,23,117.36,4.48,10,Urban,2023-11-26
05b4b30e-0eea-452c-8f57-46fc8c509624,Truck,2017-09-29,329411,Petrol,2020-01-05,Brake Replacement,1197.96,12,450.06,25.92,10,Mixed,2022-12-04
9846f1bc-2f42-4c07-9f34-b4a43d9c6c38,Van,2007-03-04,232589,Petrol,2007-09-02,Tire Replacement,994.34,26,72.82,9.94,7,Highway,2018-08-10
d1879ed8-0614-4197-9f15-6bce878bb55c,Bus,2014-11-18,418908,Diesel,2015-09-30,Tire Replacement,762.31,30,453.82,21.94,4,Urban,2018-03-10
25cb7d83-1b9c-48d4-897f-f44ee6c67e5c,Bus,2014-02-23,287305,Diesel,2014-03-25,Engine Repair,964.2,36,85.74,6.59,9,Highway,2017-02-09
ceaf9ddd-762f-4b24-8f83-42e4e607c89d,Truck,2020-02-07,327117,Diesel,2023-09-21,Oil Change,367.82,5,170.75,29.26,4,Mixed,
77fb5b8e-7b7c-45b9-88be-86dedb43765e,Van,2017-06-17,167464,Electric,2018-09-22,Engine Repair,1085.23,38,96.7,26.12,1,Highway,
64ffb19e-e111-451a-90d2-6c6c989c758a,Bus,2017-10-05,390327,Diesel,2022-03-01,Brake Replacement,1979.66,46,254.91,3.25,1,Highway,2023-09-18
e3ee8e0c-399d-4726-8de0-6203dbe55274,Bus,2006-10-10,35823,Electric,2016-11-20,Oil Change,719.53,43,177.36,27.51,9,Mixed,
2f66ccf4-2add-46e0-9c73-11845ef0e1f9,Van,2014-05-09,53401,Petrol,2020-11-25,Brake Replacement,887.72,1,489.63,26.51,1,Urban,2023-05-23
a8609405-d1cc-43d4-ae66-be4c1eb7776c,Truck,2020-06-01,274233,Petrol,2021-11-14,Oil Change,1445.43,18,487.24,27.96,8,Highway,2021-12-13
c252cd02-75aa-49e7-9a1e-3c58edaf7447,Bus,2008-02-06,431758,Diesel,2010-12-13,Oil Change,612.19,40,229.25,19.59,3,Highway,2020-02-12
55b10b7f-a485-4a10-8418-ce1a1f1d6740,Van,2018-01-22,188635,Electric,2022-02-11,Engine Repair,1615.59,40,222.59,13.63,1,Urban,
3871848c-70d4-448d-8bbd-cda1813057c5,Van,2009-06-10,383950,Petrol,2023-12-16,Battery Replacement,330.45,30,186.05,27.51,3,Urban,2023-12-17
ebfcd1cd-3ac7-42c2-a827-c706fd5ba5a7,Bus,2005-08-02,365024,Electric,2016-04-05,Oil Change,1935.79,43,191.05,26.9,2,Highway,2020-04-30
5ada044a-9bcd-4e43-bd32-324054bfc6c2,Bus,2017-11-09,14480,Diesel,2021-05-03,Tire Replacement,1078.39,33,371.35,26.99,10,Highway,2022-10-27
5ec636d4-11a8-46b4-ab01-de268adbeb07,Truck,2008-08-06,426811,Electric,2015-09-16,Engine Repair,250.28,3,311.18,11.14,1,Highway,
cc641f31-a50c-4fda-bf2b-39f6da9797e0,Truck,2006-03-09,268219,Electric,2011-07-11,Battery Replacement,287.9,32,105.03,27.07,6,Mixed,2021-04-14
0a6e159d-5882-473c-91e6-5ee287ffafac,Van,2005-07-15,61032,Diesel,2016-12-19,Brake Replacement,1666.59,46,250.52,27.97,5,Urban,2019-05-31
ff7147ae-d294-4204-995f-3da504ded470,Bus,2017-09-27,304507,Diesel,2022-05-28,Engine Repair,1822.09,48,222.18,23.49,10,Highway,2022-10-13
5f78e198-233c-4872-9751-576c62264e69,Truck,2014-04-20,72994,Petrol,2014-12-26,Oil Change,558.46,44,288.22,20.21,6,Urban,
52a536e9-9f81-481d-ae54-7d6881e3e6be,Bus,2009-05-02,109631,Petrol,2016-12-26,Tire Replacement,817.74,30,413.05,1.9,2,Urban,2019-08-01
78012674-f2ab-4b60-8c5e-b6e9bba84f26,Bus,2015-09-25,76388,Diesel,2021-06-25,Battery Replacement,1637.09,15,315.99,29.64,2,Highway,2022-02-09
01e42d08-5757-43dd-b65f-9d12aaca00b5,Bus,2010-03-22,119934,Electric,2013-04-22,Tire Replacement,807.31,31,354.34,15.93,7,Highway,
31410d40-a724-4b8b-b951-3454d73bd57b,Truck,2012-12-31,458986,Electric,2016-08-31,Brake Replacement,433.6,31,305.13,29.97,1,Urban,
e59edab4-16c4-42e4-955c-1a7aaaee3c41,Bus,2009-06-08,463014,Petrol,2013-07-31,Engine Repair,826.29,14,310.49,27.18,2,Highway,
e8c6f6bc-6962-4bc4-b57e-a213eb6b9851,Bus,2009-05-14,146058,Electric,2023-07-23,Battery Replacement,1811.36,46,79.02,15.16,3,Urban,
205d259e-055e-405b-abea-76e88c7bc09a,Bus,2013-05-26,160676,Petrol,2016-09-22,Brake Replacement,981.89,1,410.13,29.88,4,Urban,2020-04-20
82c7e900-e7ef-4c79-9945-c2cf84f5bfce,Bus,2014-07-16,195090,Diesel,2023-03-25,Brake Replacement,358.38,35,135.0,13.12,9,Highway,2023-05-08
aa447a65-4fc8-4ea9-8c55-97a45f2c6f14,Van,2009-10-15,394977,Diesel,2016-07-26,Brake Replacement,591.09,35,214.21,18.41,2,Mixed,2020-05-05
923e75f1-8250-42aa-a44e-2e9d80db183b,Bus,2007-11-13,35258,Electric,2018-09-08,Tire Replacement,319.97,4,59.33,24.01,10,Highway,2023-03-17
c45abde8-c939-410c-9779-0302736c46c1,Bus,2009-10-15,235791,Petrol,2021-02-28,Battery Replacement,505.19,48,229.26,7.48,9,Highway,2021-11-06
667352e3-4467-4e06-a577-805833f5b27e,Van,2019-03-10,404724,Diesel,2023-06-02,Tire Replacement,1852.95,41,166.41,3.85,4,Highway,2023-07-23
a4f34e25-1efc-428c-bf29-35f8779036cd,Van,2005-10-01,331605,Petrol,2017-10-17,Battery Replacement,1307.3,9,471.96,26.38,8,Highway,2021-05-16
c59de324-3db7-4d41-8071-066c77e6644f,Bus,2016-07-14,434425,Diesel,2018-02-23,Tire Replacement,987.36,30,87.53,28.72,1,Urban,
012ba124-7e5c-4140-b3f1-bbb651ea849e,Truck,2017-11-14,391097,Electric,2018-11-06,Engine Repair,1038.5,3,353.78,8.92,4,Mixed,2022-10-24
cfa1c836-45cd-4112-9ace-3d81f4539b6d,Van,2006-08-08,212383,Petrol,2007-03-14,Oil Change,866.6,45,199.48,12.33,9,Urban,2014-11-30
b01b2e8c-aa11-42c6-a894-17007830590b,Van,2010-05-25,254991,Petrol,2014-07-19,Tire Replacement,1777.87,4,56.51,15.22,9,Urban,2023-06-23
bcba8e6b-ef47-47df-9c47-98b4f111675b,Van,2010-12-31,32342,Diesel,2022-02-18,Battery Replacement,1039.38,30,217.08,10.22,8,Highway,
e39bd5fa-944b-46ed-8295-c47d72eedda7,Van,2018-06-25,278764,Diesel,2020-05-17,Oil Change,1458.93,15,183.58,23.96,9,Highway,2021-10-14
ff66dcc6-dd32-4a4b-a43c-3410828962f1,Truck,2008-02-24,163536,Petrol,2020-01-30,Engine Repair,661.22,47,486.25,7.53,9,Highway,
76fb318f-b5f4-47e8-bcb4-97e3e5cb8a7c,Van,2008-11-04,218761,Petrol,2009-07-02,Brake Replacement,261.47,48,437.65,13.14,4,Mixed,2019-04-24
ac4123a2-e8bf-46d0-8edd-29cd5f26fade,Van,2016-07-13,357086,Diesel,2023-04-04,Tire Replacement,1012.88,42,183.69,17.0,9,Urban,
435baa0e-9b9d-41d8-bc7b-511af46cc341,Bus,2019-11-07,346181,Electric,2021-04-30,Brake Replacement,1512.96,43,58.02,1.53,2,Mixed,
86d0ae52-722e-4296-95b5-168467907d49,Bus,2014-12-18,482557,Electric,2022-11-14,Tire Replacement,343.24,18,297.5,18.87,7,Highway,2022-12-15
e64d41b3-c4fd-497c-8998-626fb8c3a4ee,Truck,2020-11-20,215929,Electric,2022-04-15,Oil Change,1710.56,2,267.25,13.1,1,Urban,2023-06-25
f688d573-6b70-4357-ba20-59c4fcac9033,Truck,2016-07-05,22034,Petrol,2022-06-15,Oil Change,495.01,38,377.05,25.68,4,Urban,2023-01-03
3bbde9f6-9242-4806-83c4-5e2656032d4c,Van,2018-05-12,172139,Electric,2021-12-09,Engine Repair,501.92,42,101.46,8.39,9,Mixed,2023-01-23
85c979f5-cda3-4a4f-8747-a2a264f4ebe3,Bus,2018-06-04,72561,Diesel,2022-06-06,Battery Replacement,1606.01,25,361.27,18.78,1,Mixed,
92542c18-4e61-4ea0-98e8-1fd095f5860f,Van,2015-07-09,369027,Petrol,2022-01-28,Engine Repair,1180.07,8,233.87,22.38,10,Mixed,2023-07-11
f796e1b3-f032-448c-8c84-a8b4da8acc7a,Van,2005-09-22,212259,Petrol,2016-10-28,Oil Change,1963.97,3,328.81,24.2,9,Mixed,2018-03-13
e8e8fb06-3a01-4a63-a0c2-2fb29f4635dc,Bus,2019-12-14,339941,Electric,2021-04-05,Brake Replacement,152.41,6,277.47,24.92,7,Mixed,2022-01-09
54505989-327f-40a1-886c-f139e8f09125,Truck,2009-08-05,231366,Petrol,2012-08-07,Battery Replacement,1693.97,36,155.85,21.58,5,Highway,2022-09-06
4123469b-57ff-4f60-9507-a5fa02ca553f,Truck,2006-08-14,413745,Electric,2010-03-06,Tire Replacement,765.25,18,417.61,3.0,1,Mixed,2021-04-24
6cf1053c-89be-4f98-a4f2-b1b57f114880,Van,2015-12-31,295470,Diesel,2016-11-05,Tire Replacement,602.53,32,448.16,20.83,4,Urban,
ac579423-cce9-4d3e-8012-949bfb59d026,Van,2005-05-12,139220,Diesel,2015-02-10,Battery Replacement,147.75,11,131.89,15.12,8,Mixed,2018-08-30
aacd2325-14ab-4f46-ba74-c80f8ecab14d,Truck,2009-09-09,291824,Diesel,2015-08-18,Brake Replacement,545.48,28,301.32,3.38,8,Urban,2019-07-18
f3fd86a7-a403-4274-9c60-d39f6fd2ffd4,Van,2016-01-14,300957,Electric,2016-06-20,Battery Replacement,826.72,20,294.22,4.73,8,Urban,
9bff329a-00d8-485f-a13c-d102f66ed2f5,Van,2011-09-25,424587,Electric,2023-08-27,Tire Replacement,928.66,22,231.0,5.79,1,Highway,2023-12-28
ce985e94-32f5-40ba-88bd-dd3c6ecf6a1b,Bus,2020-07-28,309944,Petrol,2023-11-17,Engine Repair,1097.12,16,277.52,17.27,4,Urban,2023-12-13
f8c3ceda-d7a3-45e0-90a6-1dacd2f2d817,Truck,2020-11-28,359008,Electric,2022-12-04,Battery Replacement,1259.67,33,156.71,3.19,3,Mixed,2023-09-03
ef3afe42-3f52-45c3-b9f8-3370b86328de,Bus,2006-03-19,174753,Electric,2023-03-16,Battery Replacement,889.33,35,361.27,17.68,8,Mixed,2023-04-26
e8b33237-ffde-4c2d-953a-b99956c32306,Bus,2015-09-26,90825,Diesel,2019-06-18,Engine Repair,899.4,39,337.47,19.85,9,Urban,
79edca6f-062c-418b-9cab-cc56a727b261,Bus,2011-09-25,471726,Electric,2018-05-12,Brake Replacement,1349.84,3,358.5,14.1,7,Mixed,
95c5d899-62cc-47ef-b89e-e286ed470732,Truck,2007-12-24,17792,Petrol,2021-12-25,Battery Replacement,1060.78,40,222.04,22.5,6,Highway,
a415f470-3ca0-4faf-97dc-c8c60f50ab59,Bus,2015-09-05,357424,Petrol,2018-07-16,Engine Repair,1733.72,35,326.73,29.32,10,Mixed,2021-11-23
e7844dce-6a4d-4e44-a751-bb25acdaeece,Van,2009-07-18,353287,Electric,2017-09-26,Battery Replacement,658.66,34,399.23,6.67,1,Urban,2023-08-16
5fe4bf1d-4fd7-423d-8ec8-f29a2ef2871a,Bus,2005-11-28,338294,Diesel,2016-10-19,Brake Replacement,864.53,33,210.74,9.03,8,Urban,2018-04-01
f2935f0b-a44d-4014-9865-97c2b4da4835,Van,2019-11-11,388018,Petrol,2022-12-11,Battery Replacement,1218.55,25,64.06,5.18,7,Mixed,2023-08-09
0cbc7dee-6544-4045-8cbe-bda0724de3b7,Bus,2018-05-26,176942,Petrol,2022-12-28,Brake Replacement,271.96,5,171.82,16.34,5,Urban,
5511f07f-4715-42c5-9e07-f5ef1f181d08,Truck,2019-09-11,209544,Petrol,2022-08-02,Battery Replacement,1381.01,10,267.82,18.94,9,Highway,2023-09-02
c8445030-2971-4fc9-935a-f34cdf235ad2,Van,2008-03-20,287566,Petrol,2008-10-02,Tire Replacement,1256.74,3,246.34,10.28,2,Urban,2013-12-09
04ff6e63-063b-433c-8a62-db1a3ddb3e7c,Van,2012-11-06,216587,Electric,2021-09-16,Tire Replacement,692.52,8,394.21,29.13,1,Highway,2023-07-06
0ec0a07b-fb0d-4aa9-ba38-c110a9cb9cbd,Van,2013-08-15,20235,Electric,2020-11-14,Engine Repair,53.5,14,199.24,5.19,2,Highway,2020-11-23
6c01491c-8df1-4728-b14a-ed175cb7e0ed,Truck,2005-10-24,309024,Petrol,2018-03-15,Oil Change,206.9,2,217.35,8.98,2,Highway,2023-05-23
1a542efd-2224-4dac-91a5-03b0dd7e84fe,Van,2016-08-19,439812,Electric,2018-07-26,Battery Replacement,1403.88,45,238.91,13.58,9,Highway,2019-07-27
57d925a8-2f93-45fe-a8ee-f72bc4fa7b3a,Van,2018-03-05,122970,Electric,2018-12-29,Battery Replacement,1254.6,22,364.37,17.56,10,Mixed,2021-07-21
78936468-d123-48b8-abf8-596983737aae,Truck,2011-11-26,392613,Diesel,2018-07-30,Tire Replacement,149.34,37,184.46,23.87,4,Mixed,
7fd968fb-366b-43d5-85cb-c3e09aeae74f,Truck,2015-04-16,341228,Electric,2023-10-04,Tire Replacement,1228.06,37,323.97,10.97,5,Mixed,2023-10-17
c16a9e76-051a-4825-8381-6f5e1d43037b,Van,2018-07-07,140175,Electric,2018-10-09,Brake Replacement,787.46,8,211.65,1.04,1,Highway,2020-12-30
c6374926-ee7b-4973-b0f9-0f105495f110,Van,2014-09-03,61401,Diesel,2021-06-13,Battery Replacement,94.37,16,125.06,11.63,4,Urban,
496dba7b-6663-4480-98f5-5ee6a15d3740,Bus,2013-02-22,265195,Electric,2017-12-14,Battery Replacement,490.52,7,326.64,9.49,8,Mixed,
aaa56c16-c945-400b-8537-0d17bd80ad4d,Truck,2014-07-19,187796,Diesel,2015-04-15,Oil Change,1041.34,11,184.22,1.71,7,Urban,
42c2da90-4a7e-4aac-9bbc-87108a0f5626,Truck,2005-04-06,479583,Petrol,2009-03-11,Brake Replacement,385.56,5,496.17,23.19,5,Mixed,
95b938cf-15b9-42e8-8bac-1bfa6d344cde,Van,2008-06-13,308849,Diesel,2015-10-21,Battery Replacement,688.93,25,80.02,6.54,3,Mixed,2022-10-03
a1c580b6-df16-486b-a8eb-a191c39345f9,Van,2019-09-25,190581,Diesel,2023-06-21,Tire Replacement,1316.51,19,222.08,6.26,4,Urban,2023-09-15
2a98472e-c31f-4e86-b50a-87364e7cb87d,Truck,2009-06-13,411466,Electric,2010-06-12,Battery Replacement,234.17,38,360.52,19.82,5,Urban,2013-06-04
dc5a826d-6e8c-4215-8183-6712dd6fca4e,Bus,2008-08-12,475630,Petrol,2021-02-18,Tire Replacement,1370.66,26,158.62,19.13,1,Mixed,
4e793462-3707-4465-a7eb-45c9c6187d67,Truck,2018-09-01,45420,Petrol,2022-12-27,Tire Replacement,77.91,14,151.51,6.09,3,Highway,2023-01-11
57c3f99b-b4ae-4af4-a3e0-de8563bc216a,Truck,2013-07-16,491307,Diesel,2019-12-22,Brake Replacement,742.87,33,158.34,15.38,6,Urban,2022-12-01
76d49e0a-a2f3-419e-8947-bddf620ae07c,Truck,2011-01-30,172525,Electric,2012-11-11,Brake Replacement,334.01,15,321.52,3.18,10,Highway,2016-08-28
bf217d91-07e4-4bba-942b-4c7e5f4d501d,Truck,2018-08-11,36139,Electric,2022-08-29,Engine Repair,1012.69,17,424.11,3.71,8,Highway,
628e53fa-8d76-4f7f-a03e-390e421ef3e9,Bus,2012-03-08,424822,Electric,2014-03-28,Tire Replacement,933.58,9,216.62,4.6,1,Mixed,
3f2c129a-a8e7-4061-a93c-8a548fbd0e76,Truck,2005-10-20,303566,Electric,2014-12-16,Engine Repair,440.75,32,93.43,23.35,3,Highway,
79c53827-1a8e-4904-bf07-83fcc4987e9c,Truck,2014-08-17,218922,Diesel,2015-11-18,Oil Change,1944.99,47,486.42,26.5,9,Urban,2019-11-18
6898c404-d154-4cd1-8a92-ef2d2f1be1ab,Van,2019-02-09,92939,Petrol,2023-11-03,Engine Repair,1754.73,3,351.41,6.24,1,Urban,2023-12-03
66201234-6609-4ded-a32d-53a9ab8c39ed,Bus,2008-01-13,170493,Petrol,2017-06-10,Battery Replacement,308.46,19,486.07,26.18,2,Urban,2021-01-29
53dbcd72-118c-4a6b-ad4c-6bee2523faa1,Truck,2017-08-13,494085,Electric,2019-03-26,Brake Replacement,960.59,39,291.27,19.14,4,Highway,2019-04-23
e1ea5718-310d-40ef-8bb1-391a5329709d,Truck,2013-01-05,194664,Diesel,2016-02-26,Engine Repair,120.22,12,103.12,4.13,10,Urban,2021-10-20
3468b983-22b4-4fc2-9008-f8e52d973ad7,Bus,2015-02-04,204286,Petrol,2018-03-29,Engine Repair,652.82,29,314.44,15.24,7,Mixed,
6ad066b0-d31a-4c63-814f-18d5dcdbfd7b,Bus,2020-10-29,228408,Diesel,2021-08-03,Engine Repair,1427.9,4,192.51,27.72,4,Urban,2023-01-03
103fbcc1-9959-44ac-97a3-a3ec36016189,Bus,2011-11-14,183984,Petrol,2017-06-07,Oil Change,506.42,40,235.1,10.61,10,Mixed,2019-06-06
16097078-9b22-4d69-a66e-fe38481db3c0,Van,2017-03-26,379688,Diesel,2020-03-12,Tire Replacement,1490.63,42,477.58,21.96,9,Mixed,
9d2b1a52-ca76-4b81-a39a-0539fb5ceba5,Truck,2010-05-03,196748,Petrol,2015-03-24,Oil Change,1019.89,21,236.52,20.83,6,Highway,2022-05-02
bc315ba2-6044-4a6e-9784-b901bf3d6791,Bus,2012-12-25,417542,Petrol,2015-01-30,Engine Repair,1544.93,44,410.18,29.69,10,Mixed,2019-12-29
f7f44c2b-1a94-4b58-bf1a-b935659c2d72,Van,2020-12-02,304904,Diesel,2022-06-02,Oil Change,889.23,40,485.87,7.13,10,Urban,2023-09-25
1db7c88a-6435-4218-96af-1acc6bb84ef0,Van,2020-04-26,38733,Petrol,2023-04-22,Battery Replacement,368.64,47,268.49,25.25,4,Mixed,
1449815f-de35-4c3e-890f-55ba607c7ab3,Van,2020-11-01,101127,Electric,2023-12-30,Brake Replacement,1236.84,46,282.38,28.1,3,Urban,
46aa85bb-f499-4c3c-a61b-acee5bf5b0a3,Truck,2010-02-19,26810,Electric,2022-04-25,Brake Replacement,728.51,8,207.87,12.58,1,Highway,2023-03-29
02b82a32-8b43-4598-88e5-e64afde824d6,Bus,2019-06-17,321456,Electric,2021-04-28,Oil Change,1957.91,17,233.46,12.07,8,Highway,
f9f8596f-a9eb-492a-bcc0-d739c1b1ab17,Bus,2008-01-07,451732,Electric,2012-06-30,Engine Repair,1058.53,21,81.93,11.94,8,Urban,2021-10-12
5309c1c1-ea2b-4608-ab17-3fc0ecd78dcc,Bus,2010-06-26,180568,Electric,2016-02-13,Brake Replacement,505.22,48,230.39,26.02,4,Highway,2019-11-10
09ace0f6-846e-4e65-ac4c-eb5933a63ba1,Van,2013-03-22,140613,Petrol,2017-10-19,Oil Change,379.33,4,398.32,25.51,1,Highway,2021-05-14
13d5d08b-e3fb-48ff-a9da-9d75d9e98371,Truck,2008-04-09,288696,Petrol,2009-04-08,Brake Replacement,1052.9,17,318.53,19.34,2,Urban,
ed0dff5b-2818-4096-b0b0-0206c37b9797,Bus,2017-04-07,218514,Electric,2019-11-22,Tire Replacement,1261.55,44,132.79,26.05,4,Urban,2023-01-01
4d6ae29c-5e2a-49e1-b2fa-3ed76954374c,Van,2012-11-15,258567,Electric,2018-03-08,Brake Replacement,521.85,11,211.55,19.64,3,Mixed,2018-12-29
30941a31-0356-4ea3-9525-ee70e2d3780c,Bus,2015-08-15,345256,Diesel,2020-11-26,Oil Change,873.11,33,472.65,10.17,7,Urban,2022-01-23
d90c381d-7383-4f0c-b406-344c2f2725fb,Van,2017-01-13,363846,Electric,2019-01-17,Oil Change,1254.86,28,324.06,1.35,3,Highway,2019-11-11
3b22ac56-f393-4e2d-bd22-ad4fee1254cd,Van,2006-10-30,402521,Diesel,2023-07-31,Oil Change,906.67,11,455.93,12.89,2,Mixed,2023-09-30
ce1b6007-5329-4914-a29f-f2dbbafe6847,Van,2016-05-14,38919,Petrol,2023-05-08,Engine Repair,295.22,15,394.68,19.28,4,Mixed,2023-08-17
58ab7e5a-93e6-44d9-87b2-78ada1e5028d,Truck,2015-02-24,74009,Diesel,2018-01-13,Brake Replacement,917.44,23,455.92,12.45,3,Urban,
05d38835-9422-4671-b3fa-44ec7335d8c4,Van,2012-04-11,162297,Diesel,2013-08-17,Oil Change,1346.89,23,219.17,15.61,7,Highway,
67742eaa-fd33-421b-a178-79fe86645765,Truck,2015-09-02,107407,Diesel,2017-05-27,Engine Repair,1089.32,34,178.6,9.4,8,Mixed,
6a29df70-0fda-49de-82ea-4244c6ebcab0,Van,2012-06-20,358053,Petrol,2017-02-24,Oil Change,1867.97,38,132.27,17.41,2,Highway,2020-04-27
ac8b7c67-446c-40ee-a5cf-084b07f80512,Truck,2011-10-30,181704,Electric,2020-01-26,Tire Replacement,488.43,18,399.78,2.68,9,Highway,2023-12-28
10c47173-4137-4c06-a3be-50d762c499bf,Truck,2009-04-13,9247,Petrol,2009-05-20,Brake Replacement,857.34,15,399.38,11.6,10,Urban,2022-01-27
d7890997-18e1-4258-88be-b92ee3c5487b,Truck,2008-07-22,293337,Petrol,2022-12-12,Engine Repair,1058.53,23,354.97,2.06,5,Urban,
6cf606cf-0737-4bb4-b979-366ca124f307,Truck,2014-04-20,404618,Electric,2021-04-03,Oil Change,1886.04,45,143.84,6.54,1,Highway,
7f0bb1d3-db32-49f0-8bde-8f3396ffcbd6,Truck,2016-07-18,477940,Petrol,2021-06-24,Tire Replacement,521.56,10,235.81,13.99,5,Mixed,2023-07-22
89a35a94-29ee-4d11-8339-88d9d2613dac,Truck,2007-08-12,103403,Diesel,2011-11-01,Battery Replacement,1324.61,6,266.95,17.39,9,Mixed,2019-04-15
ebd0a2a5-ccce-40c6-88cf-c4e779f7eca1,Bus,2020-06-16,158710,Electric,2022-05-02,Tire Replacement,1353.22,30,177.4,18.37,4,Urban,
fa793e0a-01f5-41b2-9c42-ec2586fecd16,Van,2005-06-27,388475,Petrol,2006-03-21,Engine Repair,345.91,13,142.52,15.45,1,Highway,2007-08-10
9ac859ed-122a-4a09-93ac-df815a8d63bb,Bus,2011-10-12,237785,Diesel,2013-01-08,Oil Change,846.95,33,326.31,23.83,2,Mixed,
74cb5fd0-00f1-4fed-9dda-c179cd5bed35,Truck,2018-06-21,496948,Diesel,2023-06-09,Oil Change,1526.11,35,355.94,9.33,4,Highway,2023-12-16
951aecb9-8353-4f58-8dea-68a6ae505de6,Truck,2014-05-05,351647,Diesel,2015-07-05,Battery Replacement,598.45,27,61.41,26.55,6,Highway,2017-10-23
fe910649-4cb9-4f4b-947f-d56d7ed90294,Truck,2008-09-19,238187,Petrol,2015-09-13,Tire Replacement,179.57,2,104.85,5.35,7,Highway,2021-04-09
c5c15e3a-5417-4880-8a73-71f3a471903d,Truck,2008-10-02,21487,Diesel,2009-07-03,Battery Replacement,1119.49,13,317.45,21.83,5,Urban,2015-03-11
499da585-adcd-4664-a2b1-36100773ec1e,Truck,2009-02-13,317215,Petrol,2018-03-06,Battery Replacement,278.2,21,347.89,18.83,1,Urban,
61243fca-bb4e-4435-9ab3-921acee1adc7,Bus,2006-06-20,153678,Diesel,2008-10-03,Battery Replacement,1674.06,32,76.97,2.73,4,Urban,
adff5771-3714-4881-9197-c9cceb7f19f9,Truck,2007-08-03,127538,Electric,2020-05-30,Oil Change,852.17,43,381.28,1.51,4,Mixed,2023-09-14
c8e7942a-6d50-497e-87b3-b23e9a13fc25,Van,2007-09-27,358287,Petrol,2009-08-24,Engine Repair,262.19,46,263.58,26.71,10,Highway,
b57b903c-8dc8-4929-9ecb-7735788d2c06,Truck,2013-04-02,259917,Diesel,2019-12-29,Oil Change,384.92,37,273.3,18.62,1,Urban,
6bdff711-66a7-43eb-ade4-ec7a1f94cf19,Truck,2018-05-25,6835,Petrol,2023-01-06,Brake Replacement,1317.57,21,258.01,4.4,6,Mixed,2023-07-11
a62c4f45-e87a-4dbb-ac79-a320f8fa934d,Van,2014-08-25,355516,Electric,2017-07-19,Battery Replacement,574.74,9,427.48,8.31,4,Mixed,
c3680462-9371-408c-b207-b11074c31eda,Truck,2005-12-29,121951,Diesel,2009-02-27,Engine Repair,171.57,41,225.9,24.21,3,Urban,2021-10-14
43ba2bc1-5642-4d78-8bc1-cb2bcde863b3,Bus,2012-02-21,447763,Electric,2019-11-22,Battery Replacement,389.85,24,289.48,23.06,8,Mixed,2021-09-08
ea834600-82fc-4492-a770-a8aa7464e3cf,Van,2015-01-09,278429,Electric,2019-03-02,Tire Replacement,187.29,45,162.37,1.89,2,Mixed,
9788428d-2736-409a-b7d3-4d62ab9270f4,Van,2014-11-09,240910,Electric,2020-01-31,Battery Replacement,399.65,33,476.55,2.9,10,Mixed,2023-01-08
01e974a6-3fa8-43f0-bfc5-90535e64178c,Van,2005-01-30,483553,Electric,2018-05-06,Engine Repair,856.43,4,197.62,7.53,4,Urban,2022-03-18
96f6140c-4539-473b-8c9e-52c7f5fd76aa,Bus,2012-07-31,438833,Petrol,2016-05-02,Tire Replacement,307.4,40,474.24,18.89,1,Urban,
fd0294ff-c9df-4533-9c17-da5cb74fb566,Truck,2017-10-12,379563,Diesel,2020-02-16,Brake Replacement,1901.11,44,197.43,6.56,6,Highway,2022-06-15
080aabd6-da96-4261-aa0e-18436944c915,Bus,2013-01-26,418257,Diesel,2015-04-20,Battery Replacement,104.56,2,188.56,17.04,2,Highway,2018-10-01
af72af35-0cb3-4215-8f1e-58438a555d7f,Bus,2011-04-20,264156,Electric,2019-04-25,Battery Replacement,1142.9,30,162.46,21.66,4,Highway,2021-05-25
6e7af740-bcec-4201-b66b-8c66d5739358,Bus,2017-07-03,399935,Diesel,2018-01-06,Battery Replacement,1318.29,36,154.12,7.86,1,Mixed,2020-02-19
af541235-61fb-4012-9141-2082cc504f13,Truck,2007-11-06,405570,Diesel,2009-08-21,Battery Replacement,1311.74,13,291.9,2.45,2,Highway,
95a8a17b-b1ad-407f-94af-d1af0cb2fefd,Truck,2006-03-09,138251,Petrol,2011-12-03,Tire Replacement,1890.39,15,251.94,23.66,2,Urban,2014-03-25
3ed9f2da-6226-45ea-abe9-299667f6bb39,Truck,2019-04-08,493097,Electric,2020-07-06,Tire Replacement,1634.7,37,148.67,5.45,7,Mixed,
e50095be-8143-40b1-8709-0659def4b36b,Van,2011-07-11,6264,Diesel,2018-05-02,Brake Replacement,361.34,13,481.28,18.19,2,Urban,2022-09-06
dec480a6-f2dc-4c4b-90a0-78dff10d7b9e,Van,2014-08-01,133068,Petrol,2019-05-26,Engine Repair,1367.74,42,167.02,3.3,1,Urban,2022-07-25
db651c5c-70a8-4197-8d35-afad03f1e234,Bus,2015-03-24,21950,Diesel,2019-03-03,Battery Replacement,714.27,42,276.24,24.88,7,Mixed,2020-11-30
209971a9-1462-4dcf-831c-498fa181b1e1,Bus,2007-04-12,66536,Petrol,2014-02-03,Tire Replacement,403.41,6,166.67,27.25,7,Highway,2021-04-01
e90622d0-a276-4abf-a86a-ac771fbe9520,Truck,2020-10-18,430996,Diesel,2022-08-21,Tire Replacement,1266.34,29,221.06,20.63,1,Urban,
0a5265a6-3ff2-423a-bc1a-d5fe4b5c9500,Bus,2013-08-12,410312,Electric,2014-07-23,Tire Replacement,1049.22,11,404.39,1.34,9,Mixed,
e752ffe0-272f-4b56-bf6b-714ca34affdd,Bus,2016-05-19,331350,Diesel,2018-03-28,Oil Change,1445.71,2,410.6,6.44,2,Mixed,2023-05-03
45ce1ef6-26f3-4c53-ae52-de3297ca5eca,Truck,2007-05-08,419360,Electric,2009-09-15,Tire Replacement,628.83,17,332.98,15.51,8,Highway,2018-09-14
3d857230-1709-4fa9-8ed0-dc0fb940c512,Bus,2014-07-10,161905,Petrol,2017-09-15,Oil Change,381.17,48,477.72,26.66,6,Urban,2022-09-27
e9d9360b-7177-410f-85db-40e73eeed44c,Truck,2013-01-26,355312,Petrol,2015-05-31,Oil Change,1537.57,31,404.17,20.98,4,Mixed,2019-02-16
2ef3d5f6-245d-4541-b0f2-5fb99ab7511d,Van,2006-01-14,339146,Petrol,2012-08-12,Brake Replacement,1509.29,47,461.19,10.38,1,Urban,2020-09-17
64778952-f429-4080-8a96-c6a4f025eb59,Truck,2018-02-13,494135,Electric,2022-10-15,Tire Replacement,1871.11,26,183.27,19.15,7,Mixed,2023-10-02
4b4fc0ba-408e-4a23-83ab-2de3ea6dad5c,Bus,2017-07-10,152267,Diesel,2019-06-21,Tire Replacement,59.79,16,69.09,11.75,9,Urban,2022-10-04
dde7085c-7586-4616-adb7-cca67812f130,Van,2016-07-16,369404,Diesel,2021-07-04,Oil Change,1417.08,36,116.01,13.28,1,Urban,
97a439cf-25af-47e2-a804-2bbb389da491,Bus,2018-03-24,74878,Diesel,2022-12-12,Engine Repair,1420.91,33,300.0,9.32,5,Urban,2023-03-30
0073effe-eb45-4ddf-b225-ca45d94851e0,Truck,2012-08-31,181203,Diesel,2018-05-17,Tire Replacement,967.21,16,345.27,9.54,4,Urban,2023-02-18
119c8f43-6b06-49e4-88e7-27946da37ed5,Van,2017-08-26,5621,Diesel,2021-06-29,Battery Replacement,1866.18,26,362.58,8.9,3,Urban,2023-11-10
ddd863ae-f373-40f6-8fdb-6d67c25be558,Truck,2014-04-07,118898,Electric,2017-10-18,Engine Repair,129.34,45,111.51,14.86,6,Mixed,2021-12-02
7f3ab6ce-80da-4114-9e74-e7fa40a0bd36,Truck,2019-07-11,94709,Electric,2021-12-19,Engine Repair,1981.3,43,222.74,24.44,4,Urban,
e899fe49-b94c-4c01-b9c1-7b2973e8d80c,Bus,2016-02-05,213434,Diesel,2017-06-01,Tire Replacement,1615.65,14,162.89,5.86,5,Mixed,2019-10-15
dfcf6705-8e59-4a5c-867f-8548ef899843,Bus,2011-11-04,37604,Diesel,2019-07-30,Oil Change,748.52,46,458.11,27.15,8,Urban,2021-10-25
20d70180-62ca-49f7-9a77-40c9315adff1,Van,2006-07-25,86855,Electric,2012-07-27,Tire Replacement,1127.2,18,269.37,17.05,2,Highway,
107509df-77ed-46e4-a725-49472aa72132,Bus,2019-04-10,351461,Petrol,2021-09-30,Brake Replacement,174.11,10,341.63,23.01,1,Highway,2022-04-10
82423c11-9b84-4b35-99e3-789c5dc91349,Truck,2016-10-12,206749,Petrol,2022-07-08,Oil Change,1692.05,4,134.8,12.63,7,Mixed,2023-09-16
3b85993c-ca37-436d-9d66-aa85191af88f,Van,2015-07-09,419832,Electric,2017-12-25,Tire Replacement,1449.79,39,168.49,24.0,1,Mixed,2018-10-26
3d31a4ef-c471-4cfe-b26d-bd0993cf564b,Van,2007-05-30,149200,Petrol,2022-05-30,Tire Replacement,1536.11,8,56.09,9.43,4,Mixed,2022-08-06
fef58693-1b11-4d90-9375-76ef85c757b8,Truck,2014-12-02,189057,Electric,2020-06-27,Engine Repair,282.62,38,449.13,29.08,3,Highway,
0153e601-88c0-4888-b24b-a0c5a419e6ae,Truck,2009-01-26,440576,Electric,2016-02-25,Engine Repair,1696.4,13,63.06,19.03,3,Mixed,
606319b9-5b17-47df-bbb6-433fa86726d9,Van,2008-01-07,407348,Diesel,2016-09-18,Engine Repair,1259.4,9,351.46,15.93,8,Highway,2019-04-15
b588b782-c359-49a8-ba32-bc920c09e62d,Truck,2017-03-11,206609,Petrol,2023-08-13,Tire Replacement,1317.72,24,126.95,12.25,10,Highway,
c2a4d64c-95fc-4665-a679-bbd655a87a7b,Truck,2011-07-03,453806,Electric,2012-05-09,Engine Repair,447.25,20,477.17,29.5,2,Highway,
